Order,Superfamily,Family,Subfamily,Tribe,Subtribe,Genus,Subgenus,specific_epithet,Species,subspecific_epithet,Subspecies,Full Name,Synonyms
LEPIDOPTERA,PAPILIONOIDEA,PIERIDAE,COLIADINAE,,,Abaeis,,nicippe,Abaeis nicippe,,,Abaeis nicippe,"Eurema dammersi, Terias flava, Eurema pallens, Eurema callae, Papilio nicippe"
LEPIDOPTERA,PAPILIONOIDEA,PIERIDAE,COLIADINAE,,,Abaeis,,nicippiformis,Abaeis nicippiformis,,,Abaeis nicippiformis,Eurema nicippiformis
LEPIDOPTERA,PAPILIONOIDEA,PIERIDAE,PIERINAE,,,Afrodryas,,leda,Afrodryas leda,,,Afrodryas leda,"Eronia flava, Eronia gomensis, Afrodryas clytaemnestra, Eronia punctata, Eronia cygnophila, Eronia pupillata, Eronia trimenii, Eronia inargyrata, Dryas wahlbergi, Anthocharis tekoukoule, Dryas leda, Eronia trimeni"
LEPIDOPTERA,PAPILIONOIDEA,PIERIDAE,COLIADINAE,,,Anteos,,clorinde,Anteos clorinde,,,Anteos clorinde,"Anteos atromarginatus, Colias godarti, Colias clorinde, Rhodocera nivifera, Amynthia swainsonia"
LEPIDOPTERA,PAPILIONOIDEA,PIERIDAE,COLIADINAE,,,Anteos,,maerula,Anteos maerula,,,Anteos maerula,"Gonepteryx flava, Rhodocera gueneeana, Rhodocera lacordairei, Papilio maerula, Rhodocera maerula  , Amynthia maerula"
LEPIDOPTERA,PAPILIONOIDEA,PIERIDAE,COLIADINAE,,,Anteos,,menippe,Anteos menippe,,,Anteos menippe,"Colias leachiana, Gonepteryx calypso, Gonepteryx thetis, Mancipium menippe, Rhodocera metioche"
LEPIDOPTERA,PAPILIONOIDEA,PIERIDAE,PIERINAE,ANTHOCHARIDINI,,Anthocharis,,bambusarum,Anthocharis bambusarum,,,Anthocharis bambusarum,Anthocharis extensa
LEPIDOPTERA,PAPILIONOIDEA,PIERIDAE,PIERINAE,ANTHOCHARIDINI,,Anthocharis,,belia,Anthocharis belia,,,Anthocharis belia,"Anthocharis douei, Anthocharis douaei, Anthocharis houzeaui, Anthocharis rosea, Euchloe intermedia, Euchloe cardabelia, Euchloe gynomorphica, Papilio eupheno, Papilio belia, Euchloe nigritior"
LEPIDOPTERA,PAPILIONOIDEA,PIERIDAE,PIERINAE,ANTHOCHARIDINI,,Anthocharis,,belia,Anthocharis belia,androgyne,Anthocharis belia androgyne,Anthocharis belia androgyne,Anthocharis androgyne
LEPIDOPTERA,PAPILIONOIDEA,PIERIDAE,PIERINAE,ANTHOCHARIDINI,,Anthocharis,,cardamines,Anthocharis cardamines,,,Anthocharis cardamines,"Anthocharis cardaminoides, Anthocharis flavidovirescens, Euchloe maculapunctata, Euchloe subtusflavovenata, Euchloe reignaci, Anthocharis radians, Anthocharis minora, Anthocharis immaculata, Anthocharis ochrea, Euchloe montivaga, Anthocharis nigricosta, Anthocharis catalonica, Euchloe citronea, Anthocharis androgyna, Anthocharis arsenoides, Antocharis perflavida, Anthocharis luteola, Anthocharis marginemaculata, Anthocharis umbratilis, Euchloe ochracea, Euchloe deaurata, Anthocharis cinerea, Euchloe major, Anthocharis dispila, Euchloe sulfureovenata, Euchloe marginata, Euchloe caulosticta, Euchloe ochrata, Euchloe williamsi, Anthocharis flavoradiata, Euchloe antiquincunx, Euchloe lutea, Anthocharis femininus, Euchloe aureoflavescens, Euchloe minor, Euchloe hellas, Anthocharis nigrocellularis, Anthocharis sassafrana, Anthocharis flavescens, Anthocharis crocea, Anthocaris lasthenia, Anthocharis discocellularis, Anthocharis costaenigrata, Anthocharis bimaculata, Anthocharis buschmanni, Anthocharis transvestita, Anthocharis quadripunctata, Anthocharis nigroconjuncta, Anthocharis subflavopicta, Anthocharis bilineata, Anthocharis pulverulenta, Anthocharis crassipuncta, Anthocaris striata, Anthocharis ampla, Anthocharis hybridophana, Anthocharis divisa, Anthocharis alberti, Anthocharis minor, Orthocaris reignaci, Euchloe reductus, Euchloe decolorata, Anthocharis decolorata, Anthocharis sagittata, Anthocharis subtustriata, Euchloe proosti, Anthocharis schepdaeli, Euchloe kutukovi, Euchloe commaculata, Euchloe detersa, Euchloe orientalis, Euchloe sajana, Euchloe graeca, Euchloe andromorpha, Euchloe sulfuratus, Papilio cardamines, Euchloe pupillata, Anthocaris lineata, Euchloe caulotosticta, Euchloe flava, Euchloe hibernica, Euchloe radiata, Euchloe flavus, Euchloe luteus, Euchloe saxonia"
LEPIDOPTERA,PAPILIONOIDEA,PIERIDAE,PIERINAE,ANTHOCHARIDINI,,Anthocharis,,cardamines,Anthocharis cardamines,alexandra,Anthocharis cardamines alexandra,Anthocharis cardamines alexandra,"Euchloe alexandra, Anthocharis orientalis"
LEPIDOPTERA,PAPILIONOIDEA,PIERIDAE,PIERINAE,ANTHOCHARIDINI,,Anthocharis,,cardamines,Anthocharis cardamines,callisto,Anthocharis cardamines callisto,Anthocharis cardamines callisto,Anthocharis callisto
LEPIDOPTERA,PAPILIONOIDEA,PIERIDAE,PIERINAE,ANTHOCHARIDINI,,Anthocharis,,cardamines,Anthocharis cardamines,constibackii,Anthocharis cardamines constibackii,Anthocharis cardamines constibackii,Anthocharis constibackii
LEPIDOPTERA,PAPILIONOIDEA,PIERIDAE,PIERINAE,ANTHOCHARIDINI,,Anthocharis,,cardamines,Anthocharis cardamines,hayashii,Anthocharis cardamines hayashii,Anthocharis cardamines hayashii,Anthocharis hayashii
LEPIDOPTERA,PAPILIONOIDEA,PIERIDAE,PIERINAE,ANTHOCHARIDINI,,Anthocharis,,cardamines,Anthocharis cardamines,hesperidies,Anthocharis cardamines hesperidies,Anthocharis cardamines hesperidies,"Euchloe hesperidies, Anthocharis salmonea, Euchloe britannica"
LEPIDOPTERA,PAPILIONOIDEA,PIERIDAE,PIERINAE,ANTHOCHARIDINI,,Anthocharis,,cardamines,Anthocharis cardamines,isshikii,Anthocharis cardamines isshikii,Anthocharis cardamines isshikii,Anthocaris isshikii
LEPIDOPTERA,PAPILIONOIDEA,PIERIDAE,PIERINAE,ANTHOCHARIDINI,,Anthocharis,,cardamines,Anthocharis cardamines,kobayashii,Anthocharis cardamines kobayashii,Anthocharis cardamines kobayashii,Anthocaris kobayashii
LEPIDOPTERA,PAPILIONOIDEA,PIERIDAE,PIERINAE,ANTHOCHARIDINI,,Anthocharis,,cardamines,Anthocharis cardamines,koreana,Anthocharis cardamines koreana,Anthocharis cardamines koreana,Anthocaris koreana
LEPIDOPTERA,PAPILIONOIDEA,PIERIDAE,PIERINAE,ANTHOCHARIDINI,,Anthocharis,,cardamines,Anthocharis cardamines,phoenissa,Anthocharis cardamines phoenissa,Anthocharis cardamines phoenissa,"Anthocharis ondrii, Euchloe umbrosa, Anthocharis phoenissa"
LEPIDOPTERA,PAPILIONOIDEA,PIERIDAE,PIERINAE,ANTHOCHARIDINI,,Anthocharis,,cardamines,Anthocharis cardamines,progressa,Anthocharis cardamines progressa,Anthocharis cardamines progressa,"Anthocharis sajana, Antocharis sibirica, Euchloe progressa, Anthocharis bambusaroides"
LEPIDOPTERA,PAPILIONOIDEA,PIERIDAE,PIERINAE,ANTHOCHARIDINI,,Anthocharis,,cardamines,Anthocharis cardamines,septentrionalis,Anthocharis cardamines septentrionalis,Anthocharis cardamines septentrionalis,Antocharis septentrionalis
LEPIDOPTERA,PAPILIONOIDEA,PIERIDAE,PIERINAE,ANTHOCHARIDINI,,Anthocharis,,cardamines,Anthocharis cardamines,sheldoni,Anthocharis cardamines sheldoni,Anthocharis cardamines sheldoni,"Euchloe volgensis, Euchloe sheldoni"
LEPIDOPTERA,PAPILIONOIDEA,PIERIDAE,PIERINAE,ANTHOCHARIDINI,,Anthocharis,,cardamines,Anthocharis cardamines,speciosa,Anthocharis cardamines speciosa,Anthocharis cardamines speciosa,Anthocharis speciosa
LEPIDOPTERA,PAPILIONOIDEA,PIERIDAE,PIERINAE,ANTHOCHARIDINI,,Anthocharis,,cardamines,Anthocharis cardamines,turritiferens,Anthocharis cardamines turritiferens,Anthocharis cardamines turritiferens,Euchloe turritiferens
LEPIDOPTERA,PAPILIONOIDEA,PIERIDAE,PIERINAE,ANTHOCHARIDINI,,Anthocharis,,cardamines,Anthocharis cardamines,turritis,Anthocharis cardamines turritis,Anthocharis cardamines turritis,"Anthocharis parvipuncta, Euchloe meridionalis, Pontia turritis"
LEPIDOPTERA,PAPILIONOIDEA,PIERIDAE,PIERINAE,ANTHOCHARIDINI,,Anthocharis,,carolinae,Anthocharis carolinae,,,Anthocharis carolinae,
LEPIDOPTERA,PAPILIONOIDEA,PIERIDAE,PIERINAE,ANTHOCHARIDINI,,Anthocharis,,cethura,Anthocharis cethura,,,Anthocharis cethura,"Anthocharis angelina, Anthocharis caliente, Anthocharis deserti, Anthocaris cooperii"
LEPIDOPTERA,PAPILIONOIDEA,PIERIDAE,PIERINAE,ANTHOCHARIDINI,,Anthocharis,,cethura,Anthocharis cethura,bajacalifornica,Anthocharis cethura bajacalifornica,Anthocharis cethura bajacalifornica,Anthocharis bajacalifornica
LEPIDOPTERA,PAPILIONOIDEA,PIERIDAE,PIERINAE,ANTHOCHARIDINI,,Anthocharis,,cethura,Anthocharis cethura,catalina,Anthocharis cethura catalina,Anthocharis cethura catalina,Anthocharis catalina
LEPIDOPTERA,PAPILIONOIDEA,PIERIDAE,PIERINAE,ANTHOCHARIDINI,,Anthocharis,,cethura,Anthocharis cethura,hadromarmorata,Anthocharis cethura hadromarmorata,Anthocharis cethura hadromarmorata,Anthocharis hadromarmorata
LEPIDOPTERA,PAPILIONOIDEA,PIERIDAE,PIERINAE,ANTHOCHARIDINI,,Anthocharis,,cethura,Anthocharis cethura,mojavensis,Anthocharis cethura mojavensis,Anthocharis cethura mojavensis,Anthocharis mojavensis
LEPIDOPTERA,PAPILIONOIDEA,PIERIDAE,PIERINAE,ANTHOCHARIDINI,,Anthocharis,,cethura,Anthocharis cethura,morrisoni,Anthocharis cethura morrisoni,Anthocharis cethura morrisoni,Anthocharis morrisoni
LEPIDOPTERA,PAPILIONOIDEA,PIERIDAE,PIERINAE,ANTHOCHARIDINI,,Anthocharis,,cethura,Anthocharis cethura,pima,Anthocharis cethura pima,Anthocharis cethura pima,Anthocharis pima
LEPIDOPTERA,PAPILIONOIDEA,PIERIDAE,PIERINAE,ANTHOCHARIDINI,,Anthocharis,,damone,Anthocharis damone,,,Anthocharis damone,"Anthocharis damolasthenia, Anthocaris limbata, Anthocharis privimacula, Euchloe syra"
LEPIDOPTERA,PAPILIONOIDEA,PIERIDAE,PIERINAE,ANTHOCHARIDINI,,Anthocharis,,damone,Anthocharis damone,eunomia,Anthocharis damone eunomia,Anthocharis damone eunomia,"Anthocharis steinelti, Anthocharis fickleri, Anthocharis pallida, Anthocharis hollaenderi, Anthocharis flavoapicata, Pontia eunomia"
LEPIDOPTERA,PAPILIONOIDEA,PIERIDAE,PIERINAE,ANTHOCHARIDINI,,Anthocharis,,damone,Anthocharis damone,karbalayei,Anthocharis damone karbalayei,Anthocharis damone karbalayei,Anthocharis karbalayei
LEPIDOPTERA,PAPILIONOIDEA,PIERIDAE,PIERINAE,ANTHOCHARIDINI,,Anthocharis,,euphenoides,Anthocharis euphenoides,,,Anthocharis euphenoides,"Anthocharis apicalisobscurata, Anthochaaris apicalissplendida, Anthocaris apicalissuffusa, Anthocaris minor, Euchloe limbata, Anthocharis parvisignata, Euchloe andalusica, Euchloe impunctata, Anthocaris minima, Euchloe calleuphenia, Anthocharis vernetensis, Anthocharis hyalina, Anthocharis lasthenioides, Anthocharis obscurata, Anthocharis calzadillai, Euchloe lecithosa, Euchloe cardaphenoides, Anthocharis calzadillae"
LEPIDOPTERA,PAPILIONOIDEA,PIERIDAE,PIERINAE,ANTHOCHARIDINI,,Anthocharis,,euphenoides,Anthocharis euphenoides,alpium,Anthocharis euphenoides alpium,Anthocharis euphenoides alpium,Anthocharis alpium
LEPIDOPTERA,PAPILIONOIDEA,PIERIDAE,PIERINAE,ANTHOCHARIDINI,,Anthocharis,,euphenoides,Anthocharis euphenoides,dalessandroi,Anthocharis euphenoides dalessandroi,Anthocharis euphenoides dalessandroi,Anthocaris dalessandroi
LEPIDOPTERA,PAPILIONOIDEA,PIERIDAE,PIERINAE,ANTHOCHARIDINI,,Anthocharis,,euphenoides,Anthocharis euphenoides,italorum,Anthocharis euphenoides italorum,Anthocharis euphenoides italorum,Anthocharis italorum
LEPIDOPTERA,PAPILIONOIDEA,PIERIDAE,PIERINAE,ANTHOCHARIDINI,,Anthocharis,,gruneri,Anthocharis gruneri,,,Anthocharis gruneri,"Anthocharis diluta, Anthocaris gruneri, Anthocharis parnassia, Pontia grunerii, Euchloe macedonica"
LEPIDOPTERA,PAPILIONOIDEA,PIERIDAE,PIERINAE,ANTHOCHARIDINI,,Anthocharis,,gruneri,Anthocharis gruneri,armeniaca,Anthocharis gruneri armeniaca,Anthocharis gruneri armeniaca,"Anthocharis armeniaca, Anthocharis decolor, Anthocharis tkatshukovi, Anthocharis homogena"
LEPIDOPTERA,PAPILIONOIDEA,PIERIDAE,PIERINAE,ANTHOCHARIDINI,,Anthocharis,,gruneri,Anthocharis gruneri,eros,Anthocharis gruneri eros,Anthocharis gruneri eros,Anthocharis eros
LEPIDOPTERA,PAPILIONOIDEA,PIERIDAE,PIERINAE,ANTHOCHARIDINI,,Anthocharis,,gruneri,Anthocharis gruneri,fereiduni,Anthocharis gruneri fereiduni,Anthocharis gruneri fereiduni,Anthocharis fereiduni
LEPIDOPTERA,PAPILIONOIDEA,PIERIDAE,PIERINAE,ANTHOCHARIDINI,,Anthocharis,,julia,Anthocharis julia,,,Anthocharis julia,Anthocaris julia
LEPIDOPTERA,PAPILIONOIDEA,PIERIDAE,PIERINAE,ANTHOCHARIDINI,,Anthocharis,,julia,Anthocharis julia,alaskensis,Anthocharis julia alaskensis,Anthocharis julia alaskensis,Anthocharis alaskensis
LEPIDOPTERA,PAPILIONOIDEA,PIERIDAE,PIERINAE,ANTHOCHARIDINI,,Anthocharis,,julia,Anthocharis julia,browningi,Anthocharis julia browningi,Anthocharis julia browningi,Anthocharis browningi
LEPIDOPTERA,PAPILIONOIDEA,PIERIDAE,PIERINAE,ANTHOCHARIDINI,,Anthocharis,,julia,Anthocharis julia,columbia,Anthocharis julia columbia,Anthocharis julia columbia,Anthocharis columbia
LEPIDOPTERA,PAPILIONOIDEA,PIERIDAE,PIERINAE,ANTHOCHARIDINI,,Anthocharis,,julia,Anthocharis julia,flora,Anthocharis julia flora,Anthocharis julia flora,Anthocharis flora
LEPIDOPTERA,PAPILIONOIDEA,PIERIDAE,PIERINAE,ANTHOCHARIDINI,,Anthocharis,,julia,Anthocharis julia,sempervirens,Anthocharis julia sempervirens,Anthocharis julia sempervirens,Anthocharis sempervirens
LEPIDOPTERA,PAPILIONOIDEA,PIERIDAE,PIERINAE,ANTHOCHARIDINI,,Anthocharis,,julia,Anthocharis julia,stella,Anthocharis julia stella,Anthocharis julia stella,Anthocharis stella
LEPIDOPTERA,PAPILIONOIDEA,PIERIDAE,PIERINAE,ANTHOCHARIDINI,,Anthocharis,,lanceolata,Anthocharis lanceolata,,,Anthocharis lanceolata,Anthocaris edwardsii
LEPIDOPTERA,PAPILIONOIDEA,PIERIDAE,PIERINAE,ANTHOCHARIDINI,,Anthocharis,,lanceolata,Anthocharis lanceolata,australis,Anthocharis lanceolata australis,Anthocharis lanceolata australis,Synchloe australis
LEPIDOPTERA,PAPILIONOIDEA,PIERIDAE,PIERINAE,ANTHOCHARIDINI,,Anthocharis,,lanceolata,Anthocharis lanceolata,desertolimbus,Anthocharis lanceolata desertolimbus,Anthocharis lanceolata desertolimbus,Anthocharis desertolimbus
LEPIDOPTERA,PAPILIONOIDEA,PIERIDAE,PIERINAE,ANTHOCHARIDINI,,Anthocharis,,limonea,Anthocharis limonea,,,Anthocharis limonea,"Anthocharis ellena, Euchloe limonea"
LEPIDOPTERA,PAPILIONOIDEA,PIERIDAE,PIERINAE,ANTHOCHARIDINI,,Anthocharis,,midea,Anthocharis midea,,,Anthocharis midea,"Pieris lherminieri, Anthocharis flavida, Papilio genutia, Mancipium midea"
LEPIDOPTERA,PAPILIONOIDEA,PIERIDAE,PIERINAE,ANTHOCHARIDINI,,Anthocharis,,midea,Anthocharis midea,annickae,Anthocharis midea annickae,Anthocharis midea annickae,Anthocharis annickae
LEPIDOPTERA,PAPILIONOIDEA,PIERIDAE,PIERINAE,ANTHOCHARIDINI,,Anthocharis,,midea,Anthocharis midea,texana,Anthocharis midea texana,Anthocharis midea texana,Anthocharis texana
LEPIDOPTERA,PAPILIONOIDEA,PIERIDAE,PIERINAE,ANTHOCHARIDINI,,Anthocharis,,monastiriensis,Anthocharis monastiriensis,,,Anthocharis monastiriensis,
LEPIDOPTERA,PAPILIONOIDEA,PIERIDAE,PIERINAE,ANTHOCHARIDINI,,Anthocharis,,sara,Anthocharis sara,,,Anthocharis sara,"Anthocharis wrighti, Anthocharis dammersi, Anthocharis corcorani, Anthocharis mollis, Anthocharis sternitzkyi, Anthocharis broweri, Anthocharis flavicoloris, Anthocaris reakirtii"
LEPIDOPTERA,PAPILIONOIDEA,PIERIDAE,PIERINAE,ANTHOCHARIDINI,,Anthocharis,,sara,Anthocharis sara,colorado,Anthocharis sara colorado,Anthocharis sara colorado,Anthocharis colorado
LEPIDOPTERA,PAPILIONOIDEA,PIERIDAE,PIERINAE,ANTHOCHARIDINI,,Anthocharis,,sara,Anthocharis sara,coriander,Anthocharis sara coriander,Anthocharis sara coriander,Anthocharis coriande
LEPIDOPTERA,PAPILIONOIDEA,PIERIDAE,PIERINAE,ANTHOCHARIDINI,,Anthocharis,,sara,Anthocharis sara,gunderi,Anthocharis sara gunderi,Anthocharis sara gunderi,Anthocharis gunderi
LEPIDOPTERA,PAPILIONOIDEA,PIERIDAE,PIERINAE,ANTHOCHARIDINI,,Anthocharis,,sara,Anthocharis sara,inghami,Anthocharis sara inghami,Anthocharis sara inghami,"Anthocharis duncani, Anthocharis inghami"
LEPIDOPTERA,PAPILIONOIDEA,PIERIDAE,PIERINAE,ANTHOCHARIDINI,,Anthocharis,,sara,Anthocharis sara,pseudothoosa,Anthocharis sara pseudothoosa,Anthocharis sara pseudothoosa,Anthocharis pseudothoosa
LEPIDOPTERA,PAPILIONOIDEA,PIERIDAE,PIERINAE,ANTHOCHARIDINI,,Anthocharis,,sara,Anthocharis sara,sulfuris,Anthocharis sara sulfuris,Anthocharis sara sulfuris,Anthocharis sulfuris
LEPIDOPTERA,PAPILIONOIDEA,PIERIDAE,PIERINAE,ANTHOCHARIDINI,,Anthocharis,,sara,Anthocharis sara,thoosa,Anthocharis sara thoosa,Anthocharis sara thoosa,Synchloe thoosa
LEPIDOPTERA,PAPILIONOIDEA,PIERIDAE,PIERINAE,ANTHOCHARIDINI,,Anthocharis,,scolymus,Anthocharis scolymus,,,Anthocharis scolymus,"Anthocharis onoi, Falcapica discalis, Midea virgo, Anthocharis thunbergii, Midea umbratilis"
LEPIDOPTERA,PAPILIONOIDEA,PIERIDAE,PIERINAE,ANTHOCHARIDINI,,Anthocharis,,scolymus,Anthocharis scolymus,bieti,Anthocharis scolymus bieti,Anthocharis scolymus bieti,"Anthocharis bieti, Anthocharis decorata"
LEPIDOPTERA,PAPILIONOIDEA,PIERIDAE,PIERINAE,ANTHOCHARIDINI,,Anthocharis,,scolymus,Anthocharis scolymus,mandschurica,Anthocharis scolymus mandschurica,Anthocharis scolymus mandschurica,Midea mandschurica
LEPIDOPTERA,PAPILIONOIDEA,PIERIDAE,PIERINAE,ANTHOCHARIDINI,,Anthocharis,,scolymus,Anthocharis scolymus,nanjingensis,Anthocharis scolymus nanjingensis,Anthocharis scolymus nanjingensis,Anthocharis nanjingensis
LEPIDOPTERA,PAPILIONOIDEA,PIERIDAE,PIERINAE,ANTHOCHARIDINI,,Anthocharis,,scolymus,Anthocharis scolymus,qiani,Anthocharis scolymus qiani,Anthocharis scolymus qiani,Anthocharis qiani
LEPIDOPTERA,PAPILIONOIDEA,PIERIDAE,PIERINAE,ANTHOCHARIDINI,,Anthocharis,,scolymus,Anthocharis scolymus,tsangpoana,Anthocharis scolymus tsangpoana,Anthocharis scolymus tsangpoana,"Anthocharis imacuulata, Euchloe tsangpoana"
LEPIDOPTERA,PAPILIONOIDEA,PIERIDAE,PIERINAE,ANTHOCHARIDINI,,Anthocharis,,thibetana,Anthocharis thibetana,,,Anthocharis thibetana,
LEPIDOPTERA,PAPILIONOIDEA,PIERIDAE,PIERINAE,ANTHOCHARIDINI,,Anthocharis,,thibetana,Anthocharis thibetana,taipaichana,Anthocharis thibetana taipaichana,Anthocharis thibetana taipaichana,Euchloe taipaichana
LEPIDOPTERA,PAPILIONOIDEA,PIERIDAE,PIERINAE,PIERINI,APPIADINA,Aoa,,affinis,Aoa affinis,,,Aoa affinis,"Pieris affinis, Huphina affinis  , Cepora affinis"
LEPIDOPTERA,PAPILIONOIDEA,PIERIDAE,COLIADINAE,,,Aphrissa,,boisduvalii,Aphrissa boisduvalii,,,Aphrissa boisduvalii,"Aphrissa stalba, Aphrissa butleri, Callidryas boisduvalii, Phoebis boisduvalii"
LEPIDOPTERA,PAPILIONOIDEA,PIERIDAE,COLIADINAE,,,Aphrissa,,fluminensis,Aphrissa fluminensis,,,Aphrissa fluminensis,"Catopsilia etiolata, Catopsilia fluminensis, Phoebis discoflava, Aphrissa palleola"
LEPIDOPTERA,PAPILIONOIDEA,PIERIDAE,COLIADINAE,,,Aphrissa,,godartiana,Aphrissa godartiana,,,Aphrissa godartiana,"Colias godartiana, Phoebis godartiana"
LEPIDOPTERA,PAPILIONOIDEA,PIERIDAE,COLIADINAE,,,Aphrissa,,godartiana,Aphrissa godartiana,hartonia,Aphrissa godartiana hartonia,Aphrissa godartiana hartonia,Callidryas hartonia
LEPIDOPTERA,PAPILIONOIDEA,PIERIDAE,COLIADINAE,,,Aphrissa,,neleis,Aphrissa neleis,,,Aphrissa neleis,"Aphrissa poeyae, Callidryas neleis"
LEPIDOPTERA,PAPILIONOIDEA,PIERIDAE,COLIADINAE,,,Aphrissa,,orbis,Aphrissa orbis,,,Aphrissa orbis,"Callidryas orbis, Phoebis orbis"
LEPIDOPTERA,PAPILIONOIDEA,PIERIDAE,COLIADINAE,,,Aphrissa,,orbis,Aphrissa orbis,browni,Aphrissa orbis browni,Aphrissa orbis browni,Phoebis browni
LEPIDOPTERA,PAPILIONOIDEA,PIERIDAE,COLIADINAE,,,Aphrissa,,schausi,Aphrissa schausi,,,Aphrissa schausi,"Aphrissa subtermaculata, Aphrissa impunctata, Aphrissa candens, Aphrissa concolor, Catopsilia schausi"
LEPIDOPTERA,PAPILIONOIDEA,PIERIDAE,COLIADINAE,,,Aphrissa,,statira,Aphrissa statira,,,Aphrissa statira,"Catopsilia pseudomas, Colias evadne, Aphrissa inesa, Phoebis naranja, Callidryas jada, Papilio statira, Phoebis statira"
LEPIDOPTERA,PAPILIONOIDEA,PIERIDAE,COLIADINAE,,,Aphrissa,,statira,Aphrissa statira,cubana,Aphrissa statira cubana,Aphrissa statira cubana,Aphrissa cubana
LEPIDOPTERA,PAPILIONOIDEA,PIERIDAE,COLIADINAE,,,Aphrissa,,statira,Aphrissa statira,floridensis,Aphrissa statira floridensis,Aphrissa statira floridensis,Catopsilia floridensis
LEPIDOPTERA,PAPILIONOIDEA,PIERIDAE,COLIADINAE,,,Aphrissa,,statira,Aphrissa statira,hispaniolae,Aphrissa statira hispaniolae,Aphrissa statira hispaniolae,Phoebis hispaniolae
LEPIDOPTERA,PAPILIONOIDEA,PIERIDAE,COLIADINAE,,,Aphrissa,,wallacei,Aphrissa wallacei,,,Aphrissa wallacei,"Aphrissa isanthe, Callidryas jaresia, Callidryas wallacei"
LEPIDOPTERA,PAPILIONOIDEA,PIERIDAE,PIERINAE,PIERINI,APORIINA,Aporia,,acraea,Aporia acraea,,,Aporia acraea,"Pieris acraea, Metaporia funkei"
LEPIDOPTERA,PAPILIONOIDEA,PIERIDAE,PIERINAE,PIERINI,APORIINA,Aporia,,acraea,Aporia acraea,koiwayai,Aporia acraea koiwayai,Aporia acraea koiwayai,Aporia koiwayai
LEPIDOPTERA,PAPILIONOIDEA,PIERIDAE,PIERINAE,PIERINI,APORIINA,Aporia,,acraea,Aporia acraea,wolongensis,Aporia acraea wolongensis,Aporia acraea wolongensis,Aporia wolongensis
LEPIDOPTERA,PAPILIONOIDEA,PIERIDAE,PIERINAE,PIERINI,APORIINA,Aporia,,agathon,Aporia agathon,,,Aporia agathon,Pieris agathon
LEPIDOPTERA,PAPILIONOIDEA,PIERIDAE,PIERINAE,PIERINI,APORIINA,Aporia,,agathon,Aporia agathon,ariaca,Aporia agathon ariaca,Aporia agathon ariaca,Metaporia ariaca
LEPIDOPTERA,PAPILIONOIDEA,PIERIDAE,PIERINAE,PIERINI,APORIINA,Aporia,,agathon,Aporia agathon,bifurcata,Aporia agathon bifurcata,Aporia agathon bifurcata,Aporia bifurcata
LEPIDOPTERA,PAPILIONOIDEA,PIERIDAE,PIERINAE,PIERINI,APORIINA,Aporia,,agathon,Aporia agathon,caphusa,Aporia agathon caphusa,Aporia agathon caphusa,Metaporia caphusa
LEPIDOPTERA,PAPILIONOIDEA,PIERIDAE,PIERINAE,PIERINI,APORIINA,Aporia,,agathon,Aporia agathon,moltrechti,Aporia agathon moltrechti,Aporia agathon moltrechti,"Delias taiwana, Pieris moltrechti, Betaporia nigriscens"
LEPIDOPTERA,PAPILIONOIDEA,PIERIDAE,PIERINAE,PIERINI,APORIINA,Aporia,,agathon,Aporia agathon,omotoi,Aporia agathon omotoi,Aporia agathon omotoi,Aporia omotoi
LEPIDOPTERA,PAPILIONOIDEA,PIERIDAE,PIERINAE,PIERINI,APORIINA,Aporia,,agathon,Aporia agathon,phryxe,Aporia agathon phryxe,Aporia agathon phryxe,Pieris phryxe
LEPIDOPTERA,PAPILIONOIDEA,PIERIDAE,PIERINAE,PIERINI,APORIINA,Aporia,,agathon,Aporia agathon,sapaensis,Aporia agathon sapaensis,Aporia agathon sapaensis,Aporia sapaensis
LEPIDOPTERA,PAPILIONOIDEA,PIERIDAE,PIERINAE,PIERINI,APORIINA,Aporia,,bernardi,Aporia bernardi,,,Aporia bernardi,Aporia extrema
LEPIDOPTERA,PAPILIONOIDEA,PIERIDAE,PIERINAE,PIERINI,APORIINA,Aporia,,bernardi,Aporia bernardi,yunnanica,Aporia bernardi yunnanica,Aporia bernardi yunnanica,Aporia yunnanica
LEPIDOPTERA,PAPILIONOIDEA,PIERIDAE,PIERINAE,PIERINI,APORIINA,Aporia,,bieti,Aporia bieti,,,Aporia bieti,"Aporia magna, Aporia flavescens, Pieris fumosa, Pieris sulphurea, Pieris bieti, Pieris oberthuri"
LEPIDOPTERA,PAPILIONOIDEA,PIERIDAE,PIERINAE,PIERINI,APORIINA,Aporia,,bieti,Aporia bieti,gregoryi,Aporia bieti gregoryi,Aporia bieti gregoryi,Aporia gregoryi
LEPIDOPTERA,PAPILIONOIDEA,PIERIDAE,PIERINAE,PIERINI,APORIINA,Aporia,,bieti,Aporia bieti,lihsieni,Aporia bieti lihsieni,Aporia bieti lihsieni,Aporia lihsieni
LEPIDOPTERA,PAPILIONOIDEA,PIERIDAE,PIERINAE,PIERINI,APORIINA,Aporia,,bieti,Aporia bieti,transiens,Aporia bieti transiens,Aporia bieti transiens,Aporia transiens
LEPIDOPTERA,PAPILIONOIDEA,PIERIDAE,PIERINAE,PIERINI,APORIINA,Aporia,,bieti,Aporia bieti,xizangensis,Aporia bieti xizangensis,Aporia bieti xizangensis,Aporia xizangensis
LEPIDOPTERA,PAPILIONOIDEA,PIERIDAE,PIERINAE,PIERINI,APORIINA,Aporia,,crataegi,Aporia crataegi,,,Aporia crataegi,"Aporia banghaasi, Papilio nigronervosus, Aporia hebomoiina, Aporia rutae, Aporia flava, Aporia lunulata, Aporia marginata, Aporia melana, Aporia suffusa, Aporia ussurica, Aporia sordida, Aporia infraochreata, Aporia koyi, Aporia bigae, Aporia enderleini, Aporia grotei, Aporia hoefnageli, Aporia homogryphus, Aporia schawerdae, Aporia szulinszkyi, Aporia atricolor, Aporia binervula, Aporia fert, Aporia minima, Aporia meinhardi, Aporia colona, Aporia asiatica, Pieris minor, Pieris pseudohippia, Pieris sajana, Pieris sibirica, Aporia flavea, Aporia usugumo, Aporia karschi"
LEPIDOPTERA,PAPILIONOIDEA,PIERIDAE,PIERINAE,PIERINI,APORIINA,Aporia,,crataegi,Aporia crataegi,adherbal,Aporia crataegi adherbal,Aporia crataegi adherbal,"Pieris niphonica, Aporia adherbal"
LEPIDOPTERA,PAPILIONOIDEA,PIERIDAE,PIERINAE,PIERINI,APORIINA,Aporia,,crataegi,Aporia crataegi,atomosa,Aporia crataegi atomosa,Aporia crataegi atomosa,Pieris atomosa
LEPIDOPTERA,PAPILIONOIDEA,PIERIDAE,PIERINAE,PIERINI,APORIINA,Aporia,,crataegi,Aporia crataegi,augusta,Aporia crataegi augusta,Aporia crataegi augusta,Aporia augusta
LEPIDOPTERA,PAPILIONOIDEA,PIERIDAE,PIERINAE,PIERINI,APORIINA,Aporia,,crataegi,Aporia crataegi,augustior,Aporia crataegi augustior,Aporia crataegi augustior,Aporia augustior
LEPIDOPTERA,PAPILIONOIDEA,PIERIDAE,PIERINAE,PIERINI,APORIINA,Aporia,,crataegi,Aporia crataegi,basanius,Aporia crataegi basanius,Aporia crataegi basanius,Aporia basanius
LEPIDOPTERA,PAPILIONOIDEA,PIERIDAE,PIERINAE,PIERINI,APORIINA,Aporia,,crataegi,Aporia crataegi,diluta,Aporia crataegi diluta,Aporia crataegi diluta,Pieris diluta
LEPIDOPTERA,PAPILIONOIDEA,PIERIDAE,PIERINAE,PIERINI,APORIINA,Aporia,,crataegi,Aporia crataegi,gobiensis,Aporia crataegi gobiensis,Aporia crataegi gobiensis,Aporia gobiensis
LEPIDOPTERA,PAPILIONOIDEA,PIERIDAE,PIERINAE,PIERINI,APORIINA,Aporia,,crataegi,Aporia crataegi,hyalina,Aporia crataegi hyalina,Aporia crataegi hyalina,"Aporia hyalina, Aporia herodias, Pieris meridionalis"
LEPIDOPTERA,PAPILIONOIDEA,PIERIDAE,PIERINAE,PIERINI,APORIINA,Aporia,,crataegi,Aporia crataegi,iranica,Aporia crataegi iranica,Aporia crataegi iranica,Aporia iranica
LEPIDOPTERA,PAPILIONOIDEA,PIERIDAE,PIERINAE,PIERINI,APORIINA,Aporia,,crataegi,Aporia crataegi,karavajevi,Aporia crataegi karavajevi,Aporia crataegi karavajevi,"Leuconea alepica, Aporia karavajevi"
LEPIDOPTERA,PAPILIONOIDEA,PIERIDAE,PIERINAE,PIERINI,APORIINA,Aporia,,crataegi,Aporia crataegi,mauritanica,Aporia crataegi mauritanica,Aporia crataegi mauritanica,Aporia mauritanica
LEPIDOPTERA,PAPILIONOIDEA,PIERIDAE,PIERINAE,PIERINI,APORIINA,Aporia,,crataegi,Aporia crataegi,pazukii,Aporia crataegi pazukii,Aporia crataegi pazukii,Aporia pazukii
LEPIDOPTERA,PAPILIONOIDEA,PIERIDAE,PIERINAE,PIERINI,APORIINA,Aporia,,crataegi,Aporia crataegi,pellucida,Aporia crataegi pellucida,Aporia crataegi pellucida,"Aporia pellucida, Aporia sheljuzhkoi"
LEPIDOPTERA,PAPILIONOIDEA,PIERIDAE,PIERINAE,PIERINI,APORIINA,Aporia,,crataegi,Aporia crataegi,rhodinea,Aporia crataegi rhodinea,Aporia crataegi rhodinea,Aporia rhodinea
LEPIDOPTERA,PAPILIONOIDEA,PIERIDAE,PIERINAE,PIERINI,APORIINA,Aporia,,crataegi,Aporia crataegi,rotunda,Aporia crataegi rotunda,Aporia crataegi rotunda,Aporia rotunda
LEPIDOPTERA,PAPILIONOIDEA,PIERIDAE,PIERINAE,PIERINI,APORIINA,Aporia,,crataegi,Aporia crataegi,sachalinensis,Aporia crataegi sachalinensis,Aporia crataegi sachalinensis,Aporia sachalinensis
LEPIDOPTERA,PAPILIONOIDEA,PIERIDAE,PIERINAE,PIERINI,APORIINA,Aporia,,crataegi,Aporia crataegi,shugnana,Aporia crataegi shugnana,Aporia crataegi shugnana,Aporia shugnana
LEPIDOPTERA,PAPILIONOIDEA,PIERIDAE,PIERINAE,PIERINI,APORIINA,Aporia,,crataegi,Aporia crataegi,tianshanica,Aporia crataegi tianshanica,Aporia crataegi tianshanica,"Aporia tianschanica, Aporia naryna, Pieris centralasiae"
LEPIDOPTERA,PAPILIONOIDEA,PIERIDAE,PIERINAE,PIERINI,APORIINA,Aporia,,crataegi,Aporia crataegi,transitoria,Aporia crataegi transitoria,Aporia crataegi transitoria,"Aporia transitoria, Futuronerva absurda, Aporia nonconspersa"
LEPIDOPTERA,PAPILIONOIDEA,PIERIDAE,PIERINAE,PIERINI,APORIINA,Aporia,,crataegi,Aporia crataegi,zabulensis,Aporia crataegi zabulensis,Aporia crataegi zabulensis,Aporia zabulensis
LEPIDOPTERA,PAPILIONOIDEA,PIERIDAE,PIERINAE,PIERINI,APORIINA,Aporia,,delavayi,Aporia delavayi,,,Aporia delavayi,"Aporia candida, Pieris delavayi, Aporia nana"
LEPIDOPTERA,PAPILIONOIDEA,PIERIDAE,PIERINAE,PIERINI,APORIINA,Aporia,,delavayi,Aporia delavayi,dayiensis,Aporia delavayi dayiensis,Aporia delavayi dayiensis,Aporia dayiensis
LEPIDOPTERA,PAPILIONOIDEA,PIERIDAE,PIERINAE,PIERINI,APORIINA,Aporia,,delavayi,Aporia delavayi,minschani,Aporia delavayi minschani,Aporia delavayi minschani,Aporia minschani
LEPIDOPTERA,PAPILIONOIDEA,PIERIDAE,PIERINAE,PIERINI,APORIINA,Aporia,,genestieri,Aporia genestieri,,,Aporia genestieri,Pieris genestieri
LEPIDOPTERA,PAPILIONOIDEA,PIERIDAE,PIERINAE,PIERINI,APORIINA,Aporia,,genestieri,Aporia genestieri,genestieroides,Aporia genestieri genestieroides,Aporia genestieri genestieroides,Aporia genestieroides
LEPIDOPTERA,PAPILIONOIDEA,PIERIDAE,PIERINAE,PIERINI,APORIINA,Aporia,,genestieri,Aporia genestieri,insularis,Aporia genestieri insularis,Aporia genestieri insularis,"Aporia insularis, Aporia taiwana"
LEPIDOPTERA,PAPILIONOIDEA,PIERIDAE,PIERINAE,PIERINI,APORIINA,Aporia,,genestieri,Aporia genestieri,pseudopotanini,Aporia genestieri pseudopotanini,Aporia genestieri pseudopotanini,Aporia pseudopotanini
LEPIDOPTERA,PAPILIONOIDEA,PIERIDAE,PIERINAE,PIERINI,APORIINA,Aporia,,giacomazzoi,Aporia giacomazzoi,,,Aporia giacomazzoi,
LEPIDOPTERA,PAPILIONOIDEA,PIERIDAE,PIERINAE,PIERINI,APORIINA,Aporia,,gigantea,Aporia gigantea,,,Aporia gigantea,
LEPIDOPTERA,PAPILIONOIDEA,PIERIDAE,PIERINAE,PIERINI,APORIINA,Aporia,,gigantea,Aporia gigantea,cheni,Aporia gigantea cheni,Aporia gigantea cheni,Aporia cheni
LEPIDOPTERA,PAPILIONOIDEA,PIERIDAE,PIERINAE,PIERINI,APORIINA,Aporia,,gigantea,Aporia gigantea,fanjinensis,Aporia gigantea fanjinensis,Aporia gigantea fanjinensis,Aporia fanjinensis
LEPIDOPTERA,PAPILIONOIDEA,PIERIDAE,PIERINAE,PIERINI,APORIINA,Aporia,,goutellei,Aporia goutellei,,,Aporia goutellei,"Pieris goutellei, Pieris melanochroa"
LEPIDOPTERA,PAPILIONOIDEA,PIERIDAE,PIERINAE,PIERINI,APORIINA,Aporia,,goutellei,Aporia goutellei,nitida,Aporia goutellei nitida,Aporia goutellei nitida,Aporia nitida
LEPIDOPTERA,PAPILIONOIDEA,PIERIDAE,PIERINAE,PIERINI,APORIINA,Aporia,,goutellei,Aporia goutellei,xanthina,Aporia goutellei xanthina,Aporia goutellei xanthina,Aporia xanthina
LEPIDOPTERA,PAPILIONOIDEA,PIERIDAE,PIERINAE,PIERINI,APORIINA,Aporia,,harrietae,Aporia harrietae,,,Aporia harrietae,Metaporia harrietae
LEPIDOPTERA,PAPILIONOIDEA,PIERIDAE,PIERINAE,PIERINI,APORIINA,Aporia,,harrietae,Aporia harrietae,baileyi,Aporia harrietae baileyi,Aporia harrietae baileyi,Aporia baileyi
LEPIDOPTERA,PAPILIONOIDEA,PIERIDAE,PIERINAE,PIERINI,APORIINA,Aporia,,harrietae,Aporia harrietae,paracraea,Aporia harrietae paracraea,Aporia harrietae paracraea,"Pieris albivena, Metaporia paracraea"
LEPIDOPTERA,PAPILIONOIDEA,PIERIDAE,PIERINAE,PIERINI,APORIINA,Aporia,,hastata,Aporia hastata,,,Aporia hastata,Pieris hastata
LEPIDOPTERA,PAPILIONOIDEA,PIERIDAE,PIERINAE,PIERINI,APORIINA,Aporia,,hippia,Aporia hippia,,,Aporia hippia,"Pieris hippia, Aporia occidentalis, Aporia takamukuana"
LEPIDOPTERA,PAPILIONOIDEA,PIERIDAE,PIERINAE,PIERINI,APORIINA,Aporia,,hippia,Aporia hippia,crataegioides,Aporia hippia crataegioides,Aporia hippia crataegioides,Leuconea crataegioides
LEPIDOPTERA,PAPILIONOIDEA,PIERIDAE,PIERINAE,PIERINI,APORIINA,Aporia,,hippia,Aporia hippia,japonica,Aporia hippia japonica,Aporia hippia japonica,Aporia japonica
LEPIDOPTERA,PAPILIONOIDEA,PIERIDAE,PIERINAE,PIERINI,APORIINA,Aporia,,hippia,Aporia hippia,taupingi,Aporia hippia taupingi,Aporia hippia taupingi,Aporia taupingi
LEPIDOPTERA,PAPILIONOIDEA,PIERIDAE,PIERINAE,PIERINI,APORIINA,Aporia,,hippia,Aporia hippia,thibetana,Aporia hippia thibetana,Aporia hippia thibetana,Aporia thibetana
LEPIDOPTERA,PAPILIONOIDEA,PIERIDAE,PIERINAE,PIERINI,APORIINA,Aporia,,howarthi,Aporia howarthi,,,Aporia howarthi,
LEPIDOPTERA,PAPILIONOIDEA,PIERIDAE,PIERINAE,PIERINI,APORIINA,Aporia,,joubini,Aporia joubini,,,Aporia joubini,Pieris joubini
LEPIDOPTERA,PAPILIONOIDEA,PIERIDAE,PIERINAE,PIERINI,APORIINA,Aporia,,kamei,Aporia kamei,,,Aporia kamei,
LEPIDOPTERA,PAPILIONOIDEA,PIERIDAE,PIERINAE,PIERINI,APORIINA,Aporia,,kanekoi,Aporia kanekoi,,,Aporia kanekoi,
LEPIDOPTERA,PAPILIONOIDEA,PIERIDAE,PIERINAE,PIERINI,APORIINA,Aporia,,largeteaui,Aporia largeteaui,,,Aporia largeteaui,"Pieris largeteaui, Pieris brunnea, Aporia evittata"
LEPIDOPTERA,PAPILIONOIDEA,PIERIDAE,PIERINAE,PIERINI,APORIINA,Aporia,,largeteaui,Aporia largeteaui,kuangtungensis,Aporia largeteaui kuangtungensis,Aporia largeteaui kuangtungensis,Aporia kuangtungensis
LEPIDOPTERA,PAPILIONOIDEA,PIERIDAE,PIERINAE,PIERINI,APORIINA,Aporia,,largeteaui,Aporia largeteaui,pacifica,Aporia largeteaui pacifica,Aporia largeteaui pacifica,Aporia pacifica
LEPIDOPTERA,PAPILIONOIDEA,PIERIDAE,PIERINAE,PIERINI,APORIINA,Aporia,,largeteaui,Aporia largeteaui,schmackeri,Aporia largeteaui schmackeri,Aporia largeteaui schmackeri,Aporia schmackeri
LEPIDOPTERA,PAPILIONOIDEA,PIERIDAE,PIERINAE,PIERINI,APORIINA,Aporia,,larraldei,Aporia larraldei,,,Aporia larraldei,Pieris larraldei
LEPIDOPTERA,PAPILIONOIDEA,PIERIDAE,PIERINAE,PIERINI,APORIINA,Aporia,,larraldei,Aporia larraldei,kaolinkonensis,Aporia larraldei kaolinkonensis,Aporia larraldei kaolinkonensis,Aporia kaolinkonensis
LEPIDOPTERA,PAPILIONOIDEA,PIERIDAE,PIERINAE,PIERINI,APORIINA,Aporia,,larraldei,Aporia larraldei,melania,Aporia larraldei melania,Aporia larraldei melania,Pieris melania
LEPIDOPTERA,PAPILIONOIDEA,PIERIDAE,PIERINAE,PIERINI,APORIINA,Aporia,,larraldei,Aporia larraldei,nutans,Aporia larraldei nutans,Aporia larraldei nutans,Pieris nutans
LEPIDOPTERA,PAPILIONOIDEA,PIERIDAE,PIERINAE,PIERINI,APORIINA,Aporia,,larraldei,Aporia larraldei,shizuyai,Aporia larraldei shizuyai,Aporia larraldei shizuyai,Aporia shizuyai
LEPIDOPTERA,PAPILIONOIDEA,PIERIDAE,PIERINAE,PIERINI,APORIINA,Aporia,,lemoulti,Aporia lemoulti,,,Aporia lemoulti,"Metaporia lemoulti, Aporia morishitai"
LEPIDOPTERA,PAPILIONOIDEA,PIERIDAE,PIERINAE,PIERINI,APORIINA,Aporia,,leucodice,Aporia leucodice,,,Aporia leucodice,"Pontia leucodice, Pieris altensis"
LEPIDOPTERA,PAPILIONOIDEA,PIERIDAE,PIERINAE,PIERINI,APORIINA,Aporia,,leucodice,Aporia leucodice,aryana,Aporia leucodice aryana,Aporia leucodice aryana,Metaporia aryana
LEPIDOPTERA,PAPILIONOIDEA,PIERIDAE,PIERINAE,PIERINI,APORIINA,Aporia,,leucodice,Aporia leucodice,belucha,Aporia leucodice belucha,Aporia leucodice belucha,"Metaporia sorex, Pieris leechii, Aporia belucha"
LEPIDOPTERA,PAPILIONOIDEA,PIERIDAE,PIERINAE,PIERINI,APORIINA,Aporia,,leucodice,Aporia leucodice,debdice,Aporia leucodice debdice,Aporia leucodice debdice,Metaporia debdice
LEPIDOPTERA,PAPILIONOIDEA,PIERIDAE,PIERINAE,PIERINI,APORIINA,Aporia,,leucodice,Aporia leucodice,illumina,Aporia leucodice illumina,Aporia leucodice illumina,"Pieris illumina, Pieris nigroinspersa"
LEPIDOPTERA,PAPILIONOIDEA,PIERIDAE,PIERINAE,PIERINI,APORIINA,Aporia,,leucodice,Aporia leucodice,morosevitshae,Aporia leucodice morosevitshae,Aporia leucodice morosevitshae,"Metaporia illegiblata, Pieris morosevitshae"
LEPIDOPTERA,PAPILIONOIDEA,PIERIDAE,PIERINAE,PIERINI,APORIINA,Aporia,,leucodice,Aporia leucodice,sara,Aporia leucodice sara,Aporia leucodice sara,Aporia sara
LEPIDOPTERA,PAPILIONOIDEA,PIERIDAE,PIERINAE,PIERINI,APORIINA,Aporia,,leucodice,Aporia leucodice,soracta,Aporia leucodice soracta,Aporia leucodice soracta,"Pieris soracta, Aporia denigrata"
LEPIDOPTERA,PAPILIONOIDEA,PIERIDAE,PIERINAE,PIERINI,APORIINA,Aporia,,lhamo,Aporia lhamo,,,Aporia lhamo,Pieris lhamo
LEPIDOPTERA,PAPILIONOIDEA,PIERIDAE,PIERINAE,PIERINI,APORIINA,Aporia,,martineti,Aporia martineti,,,Aporia martineti,"Aporia stoetzneri, Pieris martineti"
LEPIDOPTERA,PAPILIONOIDEA,PIERIDAE,PIERINAE,PIERINI,APORIINA,Aporia,,martineti,Aporia martineti,konbogyandaensis,Aporia martineti konbogyandaensis,Aporia martineti konbogyandaensis,"Aporia konbogyandaensis, Aporia pallida"
LEPIDOPTERA,PAPILIONOIDEA,PIERIDAE,PIERINAE,PIERINI,APORIINA,Aporia,,martineti,Aporia martineti,kreitneri,Aporia martineti kreitneri,Aporia martineti kreitneri,Pieris kreitneri
LEPIDOPTERA,PAPILIONOIDEA,PIERIDAE,PIERINAE,PIERINI,APORIINA,Aporia,,monbeigi,Aporia monbeigi,,,Aporia monbeigi,Pieris monbeigi
LEPIDOPTERA,PAPILIONOIDEA,PIERIDAE,PIERINAE,PIERINI,APORIINA,Aporia,,monbeigi,Aporia monbeigi,meiliensis,Aporia monbeigi meiliensis,Aporia monbeigi meiliensis,Aporia meiliensis
LEPIDOPTERA,PAPILIONOIDEA,PIERIDAE,PIERINAE,PIERINI,APORIINA,Aporia,,nabellica,Aporia nabellica,,,Aporia nabellica,"Aporia ferrari, Pieris nabellica"
LEPIDOPTERA,PAPILIONOIDEA,PIERIDAE,PIERINAE,PIERINI,APORIINA,Aporia,,nabellica,Aporia nabellica,hesba,Aporia nabellica hesba,Aporia nabellica hesba,Aporia hesba
LEPIDOPTERA,PAPILIONOIDEA,PIERIDAE,PIERINAE,PIERINI,APORIINA,Aporia,,nishimurai,Aporia nishimurai,,,Aporia nishimurai,
LEPIDOPTERA,PAPILIONOIDEA,PIERIDAE,PIERINAE,PIERINI,APORIINA,Aporia,,nishimurai,Aporia nishimurai,shinnooka,Aporia nishimurai shinnooka,Aporia nishimurai shinnooka,Aporia shinnooka
LEPIDOPTERA,PAPILIONOIDEA,PIERIDAE,PIERINAE,PIERINI,APORIINA,Aporia,,oberthuri,Aporia oberthuri,,,Aporia oberthuri,Metaporia saturata
LEPIDOPTERA,PAPILIONOIDEA,PIERIDAE,PIERINAE,PIERINI,APORIINA,Aporia,,oberthuri,Aporia oberthuri,cinerea,Aporia oberthuri cinerea,Aporia oberthuri cinerea,Aporia cinerea
LEPIDOPTERA,PAPILIONOIDEA,PIERIDAE,PIERINAE,PIERINI,APORIINA,Aporia,,peloria,Aporia peloria,,,Aporia peloria,"Mesapia leechi, Pieris peloria"
LEPIDOPTERA,PAPILIONOIDEA,PIERIDAE,PIERINAE,PIERINI,APORIINA,Aporia,,peloria,Aporia peloria,epsteina,Aporia peloria epsteina,Aporia peloria epsteina,Mesapia epsteina
LEPIDOPTERA,PAPILIONOIDEA,PIERIDAE,PIERINAE,PIERINI,APORIINA,Aporia,,peloria,Aporia peloria,lama,Aporia peloria lama,Aporia peloria lama,"Mesapia tibetensis, Mesapia grayi, Aporia lama"
LEPIDOPTERA,PAPILIONOIDEA,PIERIDAE,PIERINAE,PIERINI,APORIINA,Aporia,,peloria,Aporia peloria,minima,Aporia peloria minima,Aporia peloria minima,Mesapia minima
LEPIDOPTERA,PAPILIONOIDEA,PIERIDAE,PIERINAE,PIERINI,APORIINA,Aporia,,peloria,Aporia peloria,wymanni,Aporia peloria wymanni,Aporia peloria wymanni,Mesapia wymanni
LEPIDOPTERA,PAPILIONOIDEA,PIERIDAE,PIERINAE,PIERINI,APORIINA,Aporia,,potanini,Aporia potanini,,,Aporia potanini,"Aporia infernalis, Pieris alpherakyi"
LEPIDOPTERA,PAPILIONOIDEA,PIERIDAE,PIERINAE,PIERINI,APORIINA,Aporia,,potanini,Aporia potanini,huanghaoi,Aporia potanini huanghaoi,Aporia potanini huanghaoi,Aporia huanghaoi
LEPIDOPTERA,PAPILIONOIDEA,PIERIDAE,PIERINAE,PIERINI,APORIINA,Aporia,,potanini,Aporia potanini,intercostata,Aporia potanini intercostata,Aporia potanini intercostata,Aporia intercostata
LEPIDOPTERA,PAPILIONOIDEA,PIERIDAE,PIERINAE,PIERINI,APORIINA,Aporia,,procris,Aporia procris,,,Aporia procris,"Pieris halisca, Pieris flavescens"
LEPIDOPTERA,PAPILIONOIDEA,PIERIDAE,PIERINAE,PIERINI,APORIINA,Aporia,,procris,Aporia procris,draesekei,Aporia procris draesekei,Aporia procris draesekei,Metaporia draesekei
LEPIDOPTERA,PAPILIONOIDEA,PIERIDAE,PIERINAE,PIERINI,APORIINA,Aporia,,procris,Aporia procris,lancangica,Aporia procris lancangica,Aporia procris lancangica,Aporia lancangica
LEPIDOPTERA,PAPILIONOIDEA,PIERIDAE,PIERINAE,PIERINI,APORIINA,Aporia,,procris,Aporia procris,nyanchuensis,Aporia procris nyanchuensis,Aporia procris nyanchuensis,"Aporia nyanchuensis, Aporia kongpo"
LEPIDOPTERA,PAPILIONOIDEA,PIERIDAE,PIERINAE,PIERINI,APORIINA,Aporia,,procris,Aporia procris,sinensis,Aporia procris sinensis,Aporia procris sinensis,Metaporia sinensis
LEPIDOPTERA,PAPILIONOIDEA,PIERIDAE,PIERINAE,PIERINI,APORIINA,Aporia,,signiana,Aporia signiana,,,Aporia signiana,
LEPIDOPTERA,PAPILIONOIDEA,PIERIDAE,PIERINAE,PIERINI,APORIINA,Aporia,,tayiensis,Aporia tayiensis,,,Aporia tayiensis,
LEPIDOPTERA,PAPILIONOIDEA,PIERIDAE,PIERINAE,PIERINI,APORIINA,Aporia,,tsinglingica,Aporia tsinglingica,,,Aporia tsinglingica,"Aporia taibaishana, Pieris tsinglingica"
LEPIDOPTERA,PAPILIONOIDEA,PIERIDAE,PIERINAE,PIERINI,APORIINA,Aporia,,uedai,Aporia uedai,,,Aporia uedai,
LEPIDOPTERA,PAPILIONOIDEA,PIERIDAE,PIERINAE,PIERINI,APPIADINA,Appias,,ada,Appias ada,,,Appias ada,"Tachyris leucosticta, Appias caria, Tachyris cella, Appias cana, Appias tristitia, Pieris cilla, Tachyris clavis, Papilio ada"
LEPIDOPTERA,PAPILIONOIDEA,PIERIDAE,PIERINAE,PIERINI,APPIADINA,Appias,,ada,Appias ada,ardens,Appias ada ardens,Appias ada ardens,"Tachyris ella, Tachyris ardens"
LEPIDOPTERA,PAPILIONOIDEA,PIERIDAE,PIERINAE,PIERINI,APPIADINA,Appias,,ada,Appias ada,bandana,Appias ada bandana,Appias ada bandana,Tachyris bandana
LEPIDOPTERA,PAPILIONOIDEA,PIERIDAE,PIERINAE,PIERINI,APPIADINA,Appias,,ada,Appias ada,florentia,Appias ada florentia,Appias ada florentia,"Appias dunaetha, Appias herennia, Appias florentia"
LEPIDOPTERA,PAPILIONOIDEA,PIERIDAE,PIERINAE,PIERINI,APPIADINA,Appias,,ada,Appias ada,nerva,Appias ada nerva,Appias ada nerva,Appias nerva
LEPIDOPTERA,PAPILIONOIDEA,PIERIDAE,PIERINAE,PIERINI,APPIADINA,Appias,,ada,Appias ada,solis,Appias ada solis,Appias ada solis,Appias solis
LEPIDOPTERA,PAPILIONOIDEA,PIERIDAE,PIERINAE,PIERINI,APPIADINA,Appias,,ada,Appias ada,solstitialis,Appias ada solstitialis,Appias ada solstitialis,"Tachyris solstitialis, Tachyris monna, Tachyris ribbei, Tachyris vana"
LEPIDOPTERA,PAPILIONOIDEA,PIERIDAE,PIERINAE,PIERINI,APPIADINA,Appias,,ada,Appias ada,tenimberensis,Appias ada tenimberensis,Appias ada tenimberensis,"Appias tenimberensis, Appias saumlakiana"
LEPIDOPTERA,PAPILIONOIDEA,PIERIDAE,PIERINAE,PIERINI,APPIADINA,Appias,,ada,Appias ada,thasia,Appias ada thasia,Appias ada thasia,"Appias chorasina, Tachyris plotina, Tachyris thasia"
LEPIDOPTERA,PAPILIONOIDEA,PIERIDAE,PIERINAE,PIERINI,APPIADINA,Appias,,ada,Appias ada,virginea,Appias ada virginea,Appias ada virginea,Appias virginea
LEPIDOPTERA,PAPILIONOIDEA,PIERIDAE,PIERINAE,PIERINI,APPIADINA,Appias,,ada,Appias ada,xenia,Appias ada xenia,Appias ada xenia,Tachyris xenia
LEPIDOPTERA,PAPILIONOIDEA,PIERIDAE,PIERINAE,PIERINI,APPIADINA,Appias,,aegis,Appias aegis,,,Appias aegis,"Pieris aegis, Phrissura aegis"
LEPIDOPTERA,PAPILIONOIDEA,PIERIDAE,PIERINAE,PIERINI,APPIADINA,Appias,,aegis,Appias aegis,aegina,Appias aegis aegina,Appias aegis aegina,Phrissura aegina
LEPIDOPTERA,PAPILIONOIDEA,PIERIDAE,PIERINAE,PIERINI,APPIADINA,Appias,,aegis,Appias aegis,caepia,Appias aegis caepia,Appias aegis caepia,"Phrissura nivata, Phrissura caepia"
LEPIDOPTERA,PAPILIONOIDEA,PIERIDAE,PIERINAE,PIERINI,APPIADINA,Appias,,aegis,Appias aegis,gerasa,Appias aegis gerasa,Appias aegis gerasa,Phrissura gerasa
LEPIDOPTERA,PAPILIONOIDEA,PIERIDAE,PIERINAE,PIERINI,APPIADINA,Appias,,aegis,Appias aegis,illana,Appias aegis illana,Appias aegis illana,Pieris illana
LEPIDOPTERA,PAPILIONOIDEA,PIERIDAE,PIERINAE,PIERINI,APPIADINA,Appias,,aegis,Appias aegis,polisma,Appias aegis polisma,Appias aegis polisma,Pieris polisma
LEPIDOPTERA,PAPILIONOIDEA,PIERIDAE,PIERINAE,PIERINI,APPIADINA,Appias,,aegis,Appias aegis,sibutana,Appias aegis sibutana,Appias aegis sibutana,Appias sibutana
LEPIDOPTERA,PAPILIONOIDEA,PIERIDAE,PIERINAE,PIERINI,APPIADINA,Appias,,albina,Appias albina,,,Appias albina,"Appias principalis, Appias semiflava, Pieris neombo, Pieris albina, Tachyris flava, Tachyris cynisca"
LEPIDOPTERA,PAPILIONOIDEA,PIERIDAE,PIERINAE,PIERINI,APPIADINA,Appias,,albina,Appias albina,agatha,Appias albina agatha,Appias albina agatha,"Tachyris agatha, Appias pancheia"
LEPIDOPTERA,PAPILIONOIDEA,PIERIDAE,PIERINAE,PIERINI,APPIADINA,Appias,,albina,Appias albina,ambigua,Appias albina ambigua,Appias albina ambigua,"Tachyris citronella, Tachyris umbratilis, Appias micromalayana, Appias citrina, Appias punctata, Appias subochracea, Appias virilis, Appias ambigua, Appias agathina, Appias hypoxantha, Appias mixta"
LEPIDOPTERA,PAPILIONOIDEA,PIERIDAE,PIERINAE,PIERINI,APPIADINA,Appias,,albina,Appias albina,darada,Appias albina darada,Appias albina darada,"Appias alcesta, Appias confusa, Pieris darada"
LEPIDOPTERA,PAPILIONOIDEA,PIERIDAE,PIERINAE,PIERINI,APPIADINA,Appias,,albina,Appias albina,infuscata,Appias albina infuscata,Appias albina infuscata,"Catophaga saweloides, Appias infuscata"
LEPIDOPTERA,PAPILIONOIDEA,PIERIDAE,PIERINAE,PIERINI,APPIADINA,Appias,,albina,Appias albina,pulverobasalis,Appias albina pulverobasalis,Appias albina pulverobasalis,Appias pulverobasalis
LEPIDOPTERA,PAPILIONOIDEA,PIERIDAE,PIERINAE,PIERINI,APPIADINA,Appias,,albina,Appias albina,semperi,Appias albina semperi,Appias albina semperi,"Appias kawakamii, Catophaga semperi, Appias latimarginata"
LEPIDOPTERA,PAPILIONOIDEA,PIERIDAE,PIERINAE,PIERINI,APPIADINA,Appias,,albina,Appias albina,swinhoei,Appias albina swinhoei,Appias albina swinhoei,"Appias norma, Catophaga swinhoei"
LEPIDOPTERA,PAPILIONOIDEA,PIERIDAE,PIERINAE,PIERINI,APPIADINA,Appias,,aroa,Appias aroa,,,Appias aroa,Tachyris aroa
LEPIDOPTERA,PAPILIONOIDEA,PIERIDAE,PIERINAE,PIERINI,APPIADINA,Appias,,athama,Appias athama,,,Appias athama,"Catophaga wallacei, Pieris athama, Pieris jacquinotii"
LEPIDOPTERA,PAPILIONOIDEA,PIERIDAE,PIERINAE,PIERINI,APPIADINA,Appias,,athama,Appias athama,manaia,Appias athama manaia,Appias athama manaia,Catophaga manaia
LEPIDOPTERA,PAPILIONOIDEA,PIERIDAE,PIERINAE,PIERINI,APPIADINA,Appias,,athama,Appias athama,psyche,Appias athama psyche,Appias athama psyche,"Appias argentifera, Pieris psyche"
LEPIDOPTERA,PAPILIONOIDEA,PIERIDAE,PIERINAE,PIERINI,APPIADINA,Appias,,aurosa,Appias aurosa,,,Appias aurosa,Tachyris aurosa
LEPIDOPTERA,PAPILIONOIDEA,PIERIDAE,PIERINAE,PIERINI,APPIADINA,Appias,,cardena,Appias cardena,,,Appias cardena,"Pieris hagar, Pieris cardena"
LEPIDOPTERA,PAPILIONOIDEA,PIERIDAE,PIERINAE,PIERINI,APPIADINA,Appias,,cardena,Appias cardena,perakana,Appias cardena perakana,Appias cardena perakana,Tachyris perakana
LEPIDOPTERA,PAPILIONOIDEA,PIERIDAE,PIERINAE,PIERINI,APPIADINA,Appias,,celestina,Appias celestina,,,Appias celestina,"Appias tamibia, Tachyris sekarensis, Appias galerus, Appias aurifera, Appias lileia, Appias limia, Pieris celestina"
LEPIDOPTERA,PAPILIONOIDEA,PIERIDAE,PIERINAE,PIERINI,APPIADINA,Appias,,celestina,Appias celestina,barea,Appias celestina barea,Appias celestina barea,Appias barea
LEPIDOPTERA,PAPILIONOIDEA,PIERIDAE,PIERINAE,PIERINI,APPIADINA,Appias,,celestina,Appias celestina,eumelis,Appias celestina eumelis,Appias celestina eumelis,"Appias delicata, Pieris eumelis"
LEPIDOPTERA,PAPILIONOIDEA,PIERIDAE,PIERINAE,PIERINI,APPIADINA,Appias,,celestina,Appias celestina,galepsus,Appias celestina galepsus,Appias celestina galepsus,Appias galepsus
LEPIDOPTERA,PAPILIONOIDEA,PIERIDAE,PIERINAE,PIERINI,APPIADINA,Appias,,celestina,Appias celestina,orientalis,Appias celestina orientalis,Appias celestina orientalis,Appias orientalis
LEPIDOPTERA,PAPILIONOIDEA,PIERIDAE,PIERINAE,PIERINI,APPIADINA,Appias,,clementina,Appias clementina,,,Appias clementina,"Appias agar, Pieris clementina, Tachyris adelpha"
LEPIDOPTERA,PAPILIONOIDEA,PIERIDAE,PIERINAE,PIERINI,APPIADINA,Appias,,dolorosa,Appias dolorosa,,,Appias dolorosa,
LEPIDOPTERA,PAPILIONOIDEA,PIERIDAE,PIERINAE,PIERINI,APPIADINA,Appias,,dolorosa,Appias dolorosa,adorabilis,Appias dolorosa adorabilis,Appias dolorosa adorabilis,Appias adorabilis
LEPIDOPTERA,PAPILIONOIDEA,PIERIDAE,PIERINAE,PIERINI,APPIADINA,Appias,,dolorosa,Appias dolorosa,kobayashii,Appias dolorosa kobayashii,Appias dolorosa kobayashii,Appias kobayashii
LEPIDOPTERA,PAPILIONOIDEA,PIERIDAE,PIERINAE,PIERINI,APPIADINA,Appias,,epaphia,Appias epaphia,,,Appias epaphia,"Papilio nigricantemarginatus, Appias infralimbalis, Appias limbophora, Appias simplicior, Appias deficiens, Appias lagai, Pieris higinia, Appias dido, Papilio hypatia, Appias epaphiopsis, Pieris matuta, Appias arctimargo, Appias confluens, Appias decolorata, Papilio saba, Papilio epaphia, Acraea caecilia  , Papilio artemesa"
LEPIDOPTERA,PAPILIONOIDEA,PIERIDAE,PIERINAE,PIERINI,APPIADINA,Appias,,epaphia,Appias epaphia,aequatorialis,Appias epaphia aequatorialis,Appias epaphia aequatorialis,Appias aequatorialis
LEPIDOPTERA,PAPILIONOIDEA,PIERIDAE,PIERINAE,PIERINI,APPIADINA,Appias,,epaphia,Appias epaphia,angolensis,Appias epaphia angolensis,Appias epaphia angolensis,Appias angolensis
LEPIDOPTERA,PAPILIONOIDEA,PIERIDAE,PIERINAE,PIERINI,APPIADINA,Appias,,epaphia,Appias epaphia,contracta,Appias epaphia contracta,Appias epaphia contracta,"Appias eurynome, Appias ione, Pieris mahoboides, Glutophrissa contracta"
LEPIDOPTERA,PAPILIONOIDEA,PIERIDAE,PIERINAE,PIERINI,APPIADINA,Appias,,epaphia,Appias epaphia,orbona,Appias epaphia orbona,Appias epaphia orbona,"Appias aglaia, Pieris flavida, Pieris albida, Pieris malatha, Pieris orbona"
LEPIDOPTERA,PAPILIONOIDEA,PIERIDAE,PIERINAE,PIERINI,APPIADINA,Appias,,epaphia,Appias epaphia,piresi,Appias epaphia piresi,Appias epaphia piresi,Appias piresi
LEPIDOPTERA,PAPILIONOIDEA,PIERIDAE,PIERINAE,PIERINI,APPIADINA,Appias,,galba,Appias galba,,,Appias galba,"Tachyris hainanensis, Appias nebo, Tachyris galba"
LEPIDOPTERA,PAPILIONOIDEA,PIERIDAE,PIERINAE,PIERINI,APPIADINA,Appias,,galene,Appias galene,,,Appias galene,"Appias fasciata, Catophaga venusta, Catophaga lankapura, Pieris galene"
LEPIDOPTERA,PAPILIONOIDEA,PIERIDAE,PIERINAE,PIERINI,APPIADINA,Appias,,hombroni,Appias hombroni,,,Appias hombroni,Pieris hombroni
LEPIDOPTERA,PAPILIONOIDEA,PIERIDAE,PIERINAE,PIERINI,APPIADINA,Appias,,hombroni,Appias hombroni,sulanorum,Appias hombroni sulanorum,Appias hombroni sulanorum,Tachyris sulanorum
LEPIDOPTERA,PAPILIONOIDEA,PIERIDAE,PIERINAE,PIERINI,APPIADINA,Appias,,hombroni,Appias hombroni,tombugensis,Appias hombroni tombugensis,Appias hombroni tombugensis,Tachyris tombugensis
LEPIDOPTERA,PAPILIONOIDEA,PIERIDAE,PIERINAE,PIERINI,APPIADINA,Appias,,inanis,Appias inanis,,,Appias inanis,
LEPIDOPTERA,PAPILIONOIDEA,PIERIDAE,PIERINAE,PIERINI,APPIADINA,Appias,,indra,Appias indra,,,Appias indra,"Appias mahana, Appias menandrus, Pieris indra, Pieris colimba, Tachyris indigis"
LEPIDOPTERA,PAPILIONOIDEA,PIERIDAE,PIERINAE,PIERINI,APPIADINA,Appias,,indra,Appias indra,aemilia,Appias indra aemilia,Appias indra aemilia,Appias aemilia
LEPIDOPTERA,PAPILIONOIDEA,PIERIDAE,PIERINAE,PIERINI,APPIADINA,Appias,,indra,Appias indra,aristoxemus,Appias indra aristoxemus,Appias indra aristoxemus,"Appias inyu, Appias aristoxemus, Appias thrasea"
LEPIDOPTERA,PAPILIONOIDEA,PIERIDAE,PIERINAE,PIERINI,APPIADINA,Appias,,indra,Appias indra,balinus,Appias indra balinus,Appias indra balinus,Appias balinus
LEPIDOPTERA,PAPILIONOIDEA,PIERIDAE,PIERINAE,PIERINI,APPIADINA,Appias,,indra,Appias indra,citrinus,Appias indra citrinus,Appias indra citrinus,Appias citrinus
LEPIDOPTERA,PAPILIONOIDEA,PIERIDAE,PIERINAE,PIERINI,APPIADINA,Appias,,indra,Appias indra,eurytus,Appias indra eurytus,Appias indra eurytus,Appias eurytus
LEPIDOPTERA,PAPILIONOIDEA,PIERIDAE,PIERINAE,PIERINI,APPIADINA,Appias,,indra,Appias indra,festrada,Appias indra festrada,Appias indra festrada,Appias festrada
LEPIDOPTERA,PAPILIONOIDEA,PIERIDAE,PIERINAE,PIERINI,APPIADINA,Appias,,indra,Appias indra,imbecilis,Appias indra imbecilis,Appias indra imbecilis,Hiposcritia imbecilis
LEPIDOPTERA,PAPILIONOIDEA,PIERIDAE,PIERINAE,PIERINI,APPIADINA,Appias,,indra,Appias indra,klossi,Appias indra klossi,Appias indra klossi,Appias klossi
LEPIDOPTERA,PAPILIONOIDEA,PIERIDAE,PIERINAE,PIERINI,APPIADINA,Appias,,indra,Appias indra,leptis,Appias indra leptis,Appias indra leptis,Pieris leptis
LEPIDOPTERA,PAPILIONOIDEA,PIERIDAE,PIERINAE,PIERINI,APPIADINA,Appias,,indra,Appias indra,lucasii,Appias indra lucasii,Appias indra lucasii,Tachyris lucasii
LEPIDOPTERA,PAPILIONOIDEA,PIERIDAE,PIERINAE,PIERINI,APPIADINA,Appias,,indra,Appias indra,massilia,Appias indra massilia,Appias indra massilia,Appias massilia
LEPIDOPTERA,PAPILIONOIDEA,PIERIDAE,PIERINAE,PIERINI,APPIADINA,Appias,,indra,Appias indra,myndus,Appias indra myndus,Appias indra myndus,Appias myndus
LEPIDOPTERA,PAPILIONOIDEA,PIERIDAE,PIERINAE,PIERINI,APPIADINA,Appias,,indra,Appias indra,narendra,Appias indra narendra,Appias indra narendra,Appias narendra
LEPIDOPTERA,PAPILIONOIDEA,PIERIDAE,PIERINAE,PIERINI,APPIADINA,Appias,,indra,Appias indra,plana,Appias indra plana,Appias indra plana,Appias plana
LEPIDOPTERA,PAPILIONOIDEA,PIERIDAE,PIERINAE,PIERINI,APPIADINA,Appias,,indra,Appias indra,shiva,Appias indra shiva,Appias indra shiva,"Appias statilia, Hiposcritia shiva"
LEPIDOPTERA,PAPILIONOIDEA,PIERIDAE,PIERINAE,PIERINI,APPIADINA,Appias,,indra,Appias indra,thronion,Appias indra thronion,Appias indra thronion,Appias thronion
LEPIDOPTERA,PAPILIONOIDEA,PIERIDAE,PIERINAE,PIERINI,APPIADINA,Appias,,indra,Appias indra,treadawayi,Appias indra treadawayi,Appias indra treadawayi,Appias treadawayi
LEPIDOPTERA,PAPILIONOIDEA,PIERIDAE,PIERINAE,PIERINI,APPIADINA,Appias,,indra,Appias indra,vadus,Appias indra vadus,Appias indra vadus,Appias vadus
LEPIDOPTERA,PAPILIONOIDEA,PIERIDAE,PIERINAE,PIERINI,APPIADINA,Appias,,ithome,Appias ithome,,,Appias ithome,"Appias nigrocincta, Pieris ithome"
LEPIDOPTERA,PAPILIONOIDEA,PIERIDAE,PIERINAE,PIERINI,APPIADINA,Appias,,lalage,Appias lalage,,,Appias lalage,"Hiposcritia argyridina, Pieris lalage"
LEPIDOPTERA,PAPILIONOIDEA,PIERIDAE,PIERINAE,PIERINI,APPIADINA,Appias,,lalage,Appias lalage,aornus,Appias lalage aornus,Appias lalage aornus,Appias aornus
LEPIDOPTERA,PAPILIONOIDEA,PIERIDAE,PIERINAE,PIERINI,APPIADINA,Appias,,lalage,Appias lalage,durvasa,Appias lalage durvasa,Appias lalage durvasa,"Pieris durvasa, Catophaga pseudolalage"
LEPIDOPTERA,PAPILIONOIDEA,PIERIDAE,PIERINAE,PIERINI,APPIADINA,Appias,,lalage,Appias lalage,lageloides,Appias lalage lageloides,Appias lalage lageloides,Hiposcritia lageloides
LEPIDOPTERA,PAPILIONOIDEA,PIERIDAE,PIERINAE,PIERINI,APPIADINA,Appias,,lalage,Appias lalage,mutina,Appias lalage mutina,Appias lalage mutina,Appias mutina
LEPIDOPTERA,PAPILIONOIDEA,PIERIDAE,PIERINAE,PIERINI,APPIADINA,Appias,,lalassis,Appias lalassis,,,Appias lalassis,Pieris indroides
LEPIDOPTERA,PAPILIONOIDEA,PIERIDAE,PIERINAE,PIERINI,APPIADINA,Appias,,lasti,Appias lasti,,,Appias lasti,Mylothris lasti
LEPIDOPTERA,PAPILIONOIDEA,PIERIDAE,PIERINAE,PIERINI,APPIADINA,Appias,,lasti,Appias lasti,natalensis,Appias lasti natalensis,Appias lasti natalensis,Appias natalensis
LEPIDOPTERA,PAPILIONOIDEA,PIERIDAE,PIERINAE,PIERINI,APPIADINA,Appias,,libythea,Appias libythea,,,Appias libythea,"Appias irvinii, Appias retexta, Pieris libitina, Appias yayeyamana, Appias peducaea, Appias sopara, Appias ares, Pieris larissa, Papilio libythea"
LEPIDOPTERA,PAPILIONOIDEA,PIERIDAE,PIERINAE,PIERINI,APPIADINA,Appias,,libythea,Appias libythea,olferna,Appias libythea olferna,Appias libythea olferna,Appias olferna
LEPIDOPTERA,PAPILIONOIDEA,PIERIDAE,PIERINAE,PIERINI,APPIADINA,Appias,,libythea,Appias libythea,rouxii,Appias libythea rouxii,Appias libythea rouxii,"Appias yaksha, Pieris rouxii"
LEPIDOPTERA,PAPILIONOIDEA,PIERIDAE,PIERINAE,PIERINI,APPIADINA,Appias,,libythea,Appias libythea,zelmira,Appias libythea zelmira,Appias libythea zelmira,"Papilio zelmira, Appias irvini"
LEPIDOPTERA,PAPILIONOIDEA,PIERIDAE,PIERINAE,PIERINI,APPIADINA,Appias,,lyncida,Appias lyncida,,,Appias lyncida,"Papilio cneora, Papilio maria, Appias icilia, Pieris enyo, Papilio lyncida"
LEPIDOPTERA,PAPILIONOIDEA,PIERIDAE,PIERINAE,PIERINI,APPIADINA,Appias,,lyncida,Appias lyncida,andrea,Appias lyncida andrea,Appias lyncida andrea,"Colias andrea, Appias aternia"
LEPIDOPTERA,PAPILIONOIDEA,PIERIDAE,PIERINAE,PIERINI,APPIADINA,Appias,,lyncida,Appias lyncida,balambangensis,Appias lyncida balambangensis,Appias lyncida balambangensis,Appias balambangensis
LEPIDOPTERA,PAPILIONOIDEA,PIERIDAE,PIERINAE,PIERINI,APPIADINA,Appias,,lyncida,Appias lyncida,decolor,Appias lyncida decolor,Appias lyncida decolor,Appias decolor
LEPIDOPTERA,PAPILIONOIDEA,PIERIDAE,PIERINAE,PIERINI,APPIADINA,Appias,,lyncida,Appias lyncida,dohertiella,Appias lyncida dohertiella,Appias lyncida dohertiella,Tachyris dohertiella
LEPIDOPTERA,PAPILIONOIDEA,PIERIDAE,PIERINAE,PIERINI,APPIADINA,Appias,,lyncida,Appias lyncida,eleonora,Appias lyncida eleonora,Appias lyncida eleonora,"Appias lurida, Appias inornata, Appias epicoena, Pieris eleonora, Appias vacans, Appias hippoides"
LEPIDOPTERA,PAPILIONOIDEA,PIERIDAE,PIERINAE,PIERINI,APPIADINA,Appias,,lyncida,Appias lyncida,enarete,Appias lyncida enarete,Appias lyncida enarete,Pieris enarete
LEPIDOPTERA,PAPILIONOIDEA,PIERIDAE,PIERINAE,PIERINI,APPIADINA,Appias,,lyncida,Appias lyncida,enaretina,Appias lyncida enaretina,Appias lyncida enaretina,Tachyris enaretina
LEPIDOPTERA,PAPILIONOIDEA,PIERIDAE,PIERINAE,PIERINI,APPIADINA,Appias,,lyncida,Appias lyncida,fabiola,Appias lyncida fabiola,Appias lyncida fabiola,Tachyris fabiola
LEPIDOPTERA,PAPILIONOIDEA,PIERIDAE,PIERINAE,PIERINI,APPIADINA,Appias,,lyncida,Appias lyncida,floresiana,Appias lyncida floresiana,Appias lyncida floresiana,Tachyris floresiana
LEPIDOPTERA,PAPILIONOIDEA,PIERIDAE,PIERINAE,PIERINI,APPIADINA,Appias,,lyncida,Appias lyncida,formosana,Appias lyncida formosana,Appias lyncida formosana,"Appias tsurui, Appias galbana, Appias taihokuna, Pieris formosana"
LEPIDOPTERA,PAPILIONOIDEA,PIERIDAE,PIERINAE,PIERINI,APPIADINA,Appias,,lyncida,Appias lyncida,gellia,Appias lyncida gellia,Appias lyncida gellia,Appias gellia
LEPIDOPTERA,PAPILIONOIDEA,PIERIDAE,PIERINAE,PIERINI,APPIADINA,Appias,,lyncida,Appias lyncida,hippo,Appias lyncida hippo,Appias lyncida hippo,Papilio hippo
LEPIDOPTERA,PAPILIONOIDEA,PIERIDAE,PIERINAE,PIERINI,APPIADINA,Appias,,lyncida,Appias lyncida,hippona,Appias lyncida hippona,Appias lyncida hippona,Appias hippona
LEPIDOPTERA,PAPILIONOIDEA,PIERIDAE,PIERINAE,PIERINI,APPIADINA,Appias,,lyncida,Appias lyncida,latifasciata,Appias lyncida latifasciata,Appias lyncida latifasciata,Appias latifasciata
LEPIDOPTERA,PAPILIONOIDEA,PIERIDAE,PIERINAE,PIERINI,APPIADINA,Appias,,lyncida,Appias lyncida,lepidana,Appias lyncida lepidana,Appias lyncida lepidana,Appias lepidana
LEPIDOPTERA,PAPILIONOIDEA,PIERIDAE,PIERINAE,PIERINI,APPIADINA,Appias,,lyncida,Appias lyncida,lutatia,Appias lyncida lutatia,Appias lyncida lutatia,Appias lutatia
LEPIDOPTERA,PAPILIONOIDEA,PIERIDAE,PIERINAE,PIERINI,APPIADINA,Appias,,lyncida,Appias lyncida,lycaste,Appias lyncida lycaste,Appias lyncida lycaste,Pieris lycaste
LEPIDOPTERA,PAPILIONOIDEA,PIERIDAE,PIERINAE,PIERINI,APPIADINA,Appias,,lyncida,Appias lyncida,lynceola,Appias lyncida lynceola,Appias lyncida lynceola,"Tachyris timorensis, Pieris lynceola"
LEPIDOPTERA,PAPILIONOIDEA,PIERIDAE,PIERINAE,PIERINI,APPIADINA,Appias,,lyncida,Appias lyncida,maccina,Appias lyncida maccina,Appias lyncida maccina,Appias maccina
LEPIDOPTERA,PAPILIONOIDEA,PIERIDAE,PIERINAE,PIERINI,APPIADINA,Appias,,lyncida,Appias lyncida,nicobarica,Appias lyncida nicobarica,Appias lyncida nicobarica,Appias nicobarica
LEPIDOPTERA,PAPILIONOIDEA,PIERIDAE,PIERINAE,PIERINI,APPIADINA,Appias,,lyncida,Appias lyncida,papissa,Appias lyncida papissa,Appias lyncida papissa,Appias papissa
LEPIDOPTERA,PAPILIONOIDEA,PIERIDAE,PIERINAE,PIERINI,APPIADINA,Appias,,lyncida,Appias lyncida,purana,Appias lyncida purana,Appias lyncida purana,Appias purana
LEPIDOPTERA,PAPILIONOIDEA,PIERIDAE,PIERINAE,PIERINI,APPIADINA,Appias,,lyncida,Appias lyncida,subenarete,Appias lyncida subenarete,Appias lyncida subenarete,Appias subenarete
LEPIDOPTERA,PAPILIONOIDEA,PIERIDAE,PIERINAE,PIERINI,APPIADINA,Appias,,lyncida,Appias lyncida,tabropana,Appias lyncida tabropana,Appias lyncida tabropana,Appias aperta
LEPIDOPTERA,PAPILIONOIDEA,PIERIDAE,PIERINAE,PIERINI,APPIADINA,Appias,,lyncida,Appias lyncida,taprobana,Appias lyncida taprobana,Appias lyncida taprobana,"Belenois fervidior, Appias taprobana"
LEPIDOPTERA,PAPILIONOIDEA,PIERIDAE,PIERINAE,PIERINI,APPIADINA,Appias,,lyncida,Appias lyncida,vasava,Appias lyncida vasava,Appias lyncida vasava,Appias vasava
LEPIDOPTERA,PAPILIONOIDEA,PIERIDAE,PIERINAE,PIERINI,APPIADINA,Appias,,mariana,Appias mariana,,,Appias mariana,
LEPIDOPTERA,PAPILIONOIDEA,PIERIDAE,PIERINAE,PIERINI,APPIADINA,Appias,,mata,Appias mata,,,Appias mata,Tachyris mata
LEPIDOPTERA,PAPILIONOIDEA,PIERIDAE,PIERINAE,PIERINI,APPIADINA,Appias,,mata,Appias mata,caeca,Appias mata caeca,Appias mata caeca,Appias caeca
LEPIDOPTERA,PAPILIONOIDEA,PIERIDAE,PIERINAE,PIERINI,APPIADINA,Appias,,melania,Appias melania,,,Appias melania,"Pandemos kalisi, Tachyris cerussa, Tachyris asteria"
LEPIDOPTERA,PAPILIONOIDEA,PIERIDAE,PIERINAE,PIERINI,APPIADINA,Appias,,nephele,Appias nephele,,,Appias nephele,Pieris nephele
LEPIDOPTERA,PAPILIONOIDEA,PIERIDAE,PIERINAE,PIERINI,APPIADINA,Appias,,nephele,Appias nephele,aufidia,Appias nephele aufidia,Appias nephele aufidia,Appias aufidia
LEPIDOPTERA,PAPILIONOIDEA,PIERIDAE,PIERINAE,PIERINI,APPIADINA,Appias,,nephele,Appias nephele,dilutior,Appias nephele dilutior,Appias nephele dilutior,Tachyris dilutior
LEPIDOPTERA,PAPILIONOIDEA,PIERIDAE,PIERINAE,PIERINI,APPIADINA,Appias,,nephele,Appias nephele,elis,Appias nephele elis,Appias nephele elis,Appias elis
LEPIDOPTERA,PAPILIONOIDEA,PIERIDAE,PIERINAE,PIERINI,APPIADINA,Appias,,nephele,Appias nephele,hostilia,Appias nephele hostilia,Appias nephele hostilia,Appias hostilia
LEPIDOPTERA,PAPILIONOIDEA,PIERIDAE,PIERINAE,PIERINI,APPIADINA,Appias,,nephele,Appias nephele,invitabilis,Appias nephele invitabilis,Appias nephele invitabilis,Appias invitabilis
LEPIDOPTERA,PAPILIONOIDEA,PIERIDAE,PIERINAE,PIERINI,APPIADINA,Appias,,nephele,Appias nephele,leytensis,Appias nephele leytensis,Appias nephele leytensis,Appias leytensis
LEPIDOPTERA,PAPILIONOIDEA,PIERIDAE,PIERINAE,PIERINI,APPIADINA,Appias,,nephele,Appias nephele,tawitawiana,Appias nephele tawitawiana,Appias nephele tawitawiana,Appias tawitawiana
LEPIDOPTERA,PAPILIONOIDEA,PIERIDAE,PIERINAE,PIERINI,APPIADINA,Appias,,nero,Appias nero,,,Appias nero,"Pieris figulina, Pieris thyria, Appias sufflava"
LEPIDOPTERA,PAPILIONOIDEA,PIERIDAE,PIERINAE,PIERINI,APPIADINA,Appias,,nero,Appias nero,acuminata,Appias nero acuminata,Appias nero acuminata,Pieris acuminata
LEPIDOPTERA,PAPILIONOIDEA,PIERIDAE,PIERINAE,PIERINI,APPIADINA,Appias,,nero,Appias nero,baweanicus,Appias nero baweanicus,Appias nero baweanicus,Tachyris baweanicus
LEPIDOPTERA,PAPILIONOIDEA,PIERIDAE,PIERINAE,PIERINI,APPIADINA,Appias,,nero,Appias nero,chelidon,Appias nero chelidon,Appias nero chelidon,Tachyris chelidon
LEPIDOPTERA,PAPILIONOIDEA,PIERIDAE,PIERINAE,PIERINI,APPIADINA,Appias,,nero,Appias nero,corazonae,Appias nero corazonae,Appias nero corazonae,Appias corazonae
LEPIDOPTERA,PAPILIONOIDEA,PIERIDAE,PIERINAE,PIERINI,APPIADINA,Appias,,nero,Appias nero,domitia,Appias nero domitia,Appias nero domitia,"Appias korridona, Appias kabiraensis, Pieris asterope, Pieris charpentieri, Pieris domitia, Appias yamazakii"
LEPIDOPTERA,PAPILIONOIDEA,PIERIDAE,PIERINAE,PIERINI,APPIADINA,Appias,,nero,Appias nero,flavius,Appias nero flavius,Appias nero flavius,Appias flavius
LEPIDOPTERA,PAPILIONOIDEA,PIERIDAE,PIERINAE,PIERINI,APPIADINA,Appias,,nero,Appias nero,fleminius,Appias nero fleminius,Appias nero fleminius,Appias fleminius
LEPIDOPTERA,PAPILIONOIDEA,PIERIDAE,PIERINAE,PIERINI,APPIADINA,Appias,,nero,Appias nero,neronis,Appias nero neronis,Appias nero neronis,Tachyris neronis
LEPIDOPTERA,PAPILIONOIDEA,PIERIDAE,PIERINAE,PIERINI,APPIADINA,Appias,,nero,Appias nero,palawanica,Appias nero palawanica,Appias nero palawanica,"Tachyris coelitus, Tachyris palawanica, Appias helvola"
LEPIDOPTERA,PAPILIONOIDEA,PIERIDAE,PIERINAE,PIERINI,APPIADINA,Appias,,nero,Appias nero,pulonus,Appias nero pulonus,Appias nero pulonus,Tachyris pulonus
LEPIDOPTERA,PAPILIONOIDEA,PIERIDAE,PIERINAE,PIERINI,APPIADINA,Appias,,nero,Appias nero,ramosa,Appias nero ramosa,Appias nero ramosa,Catophaga ramosa
LEPIDOPTERA,PAPILIONOIDEA,PIERIDAE,PIERINAE,PIERINI,APPIADINA,Appias,,nero,Appias nero,soranus,Appias nero soranus,Appias nero soranus,Appias soranus
LEPIDOPTERA,PAPILIONOIDEA,PIERIDAE,PIERINAE,PIERINI,APPIADINA,Appias,,nero,Appias nero,tibericus,Appias nero tibericus,Appias nero tibericus,Appias tibericus
LEPIDOPTERA,PAPILIONOIDEA,PIERIDAE,PIERINAE,PIERINI,APPIADINA,Appias,,nero,Appias nero,zamboanga,Appias nero zamboanga,Appias nero zamboanga,"Appias mindanensis, Appias boholensis, Pieris zamboanga"
LEPIDOPTERA,PAPILIONOIDEA,PIERIDAE,PIERINAE,PIERINI,APPIADINA,Appias,,nupta,Appias nupta,,,Appias nupta,Hiposcritia nupta
LEPIDOPTERA,PAPILIONOIDEA,PIERIDAE,PIERINAE,PIERINI,APPIADINA,Appias,,pandione,Appias pandione,,,Appias pandione,"Appias eburnea, Pieris xanthomma, Hiposcritia pandione"
LEPIDOPTERA,PAPILIONOIDEA,PIERIDAE,PIERINAE,PIERINI,APPIADINA,Appias,,pandione,Appias pandione,lagela,Appias pandione lagela,Appias pandione lagela,Catophaga lagela
LEPIDOPTERA,PAPILIONOIDEA,PIERIDAE,PIERINAE,PIERINI,APPIADINA,Appias,,pandione,Appias pandione,moiro,Appias pandione moiro,Appias pandione moiro,Appias moiro
LEPIDOPTERA,PAPILIONOIDEA,PIERIDAE,PIERINAE,PIERINI,APPIADINA,Appias,,pandione,Appias pandione,ozolia,Appias pandione ozolia,Appias pandione ozolia,Appias ozolia
LEPIDOPTERA,PAPILIONOIDEA,PIERIDAE,PIERINAE,PIERINI,APPIADINA,Appias,,pandione,Appias pandione,whiteheadi,Appias pandione whiteheadi,Appias pandione whiteheadi,Appias whiteheadi
LEPIDOPTERA,PAPILIONOIDEA,PIERIDAE,PIERINAE,PIERINI,APPIADINA,Appias,,paulina,Appias paulina,,,Appias paulina,"Catophaga leis, Appias raksasa, Appias obscurior, Pieris ida, Appias subtuslutea, Appias atrolutea, Appias fruhstorferi, Appias rosieri, Appias wegeneri, Tachyris alope, Pieris capparidis"
LEPIDOPTERA,PAPILIONOIDEA,PIERIDAE,PIERINAE,PIERINI,APPIADINA,Appias,,paulina,Appias paulina,adamsoni,Appias paulina adamsoni,Appias paulina adamsoni,"Appias pseudoleis, Catophaga adamsoni"
LEPIDOPTERA,PAPILIONOIDEA,PIERIDAE,PIERINAE,PIERINI,APPIADINA,Appias,,paulina,Appias paulina,agave,Appias paulina agave,Appias paulina agave,Pieris agave
LEPIDOPTERA,PAPILIONOIDEA,PIERIDAE,PIERINAE,PIERINI,APPIADINA,Appias,,paulina,Appias paulina,albata,Appias paulina albata,Appias paulina albata,"Appias dohertyi, Tachyris albata"
LEPIDOPTERA,PAPILIONOIDEA,PIERIDAE,PIERINAE,PIERINI,APPIADINA,Appias,,paulina,Appias paulina,antoniae,Appias paulina antoniae,Appias paulina antoniae,Appias antoniae
LEPIDOPTERA,PAPILIONOIDEA,PIERIDAE,PIERINAE,PIERINI,APPIADINA,Appias,,paulina,Appias paulina,athena,Appias paulina athena,Appias paulina athena,"Catophaga athena, Appias ochracea"
LEPIDOPTERA,PAPILIONOIDEA,PIERIDAE,PIERINAE,PIERINI,APPIADINA,Appias,,paulina,Appias paulina,distanti,Appias paulina distanti,Appias paulina distanti,Catophaga distanti
LEPIDOPTERA,PAPILIONOIDEA,PIERIDAE,PIERINAE,PIERINI,APPIADINA,Appias,,paulina,Appias paulina,ega,Appias paulina ega,Appias paulina ega,"Pieris ega, Pieris caledonica"
LEPIDOPTERA,PAPILIONOIDEA,PIERIDAE,PIERINAE,PIERINI,APPIADINA,Appias,,paulina,Appias paulina,emilia,Appias paulina emilia,Appias paulina emilia,Catophaga emilia
LEPIDOPTERA,PAPILIONOIDEA,PIERIDAE,PIERINAE,PIERINI,APPIADINA,Appias,,paulina,Appias paulina,eurosundana,Appias paulina eurosundana,Appias paulina eurosundana,Appias eurosundana
LEPIDOPTERA,PAPILIONOIDEA,PIERIDAE,PIERINAE,PIERINI,APPIADINA,Appias,,paulina,Appias paulina,falcidia,Appias paulina falcidia,Appias paulina falcidia,Appias falcidia
LEPIDOPTERA,PAPILIONOIDEA,PIERIDAE,PIERINAE,PIERINI,APPIADINA,Appias,,paulina,Appias paulina,galathea,Appias paulina galathea,Appias paulina galathea,"Catophaga roepstorffii, Pieris galathea"
LEPIDOPTERA,PAPILIONOIDEA,PIERIDAE,PIERINAE,PIERINI,APPIADINA,Appias,,paulina,Appias paulina,grisea,Appias paulina grisea,Appias paulina grisea,Appias grisea
LEPIDOPTERA,PAPILIONOIDEA,PIERIDAE,PIERINAE,PIERINI,APPIADINA,Appias,,paulina,Appias paulina,griseoides,Appias paulina griseoides,Appias paulina griseoides,Appias griseoides
LEPIDOPTERA,PAPILIONOIDEA,PIERIDAE,PIERINAE,PIERINI,APPIADINA,Appias,,paulina,Appias paulina,insularis,Appias paulina insularis,Appias paulina insularis,Appias insularis
LEPIDOPTERA,PAPILIONOIDEA,PIERIDAE,PIERINAE,PIERINI,APPIADINA,Appias,,paulina,Appias paulina,minato,Appias paulina minato,Appias paulina minato,"Catophaga minorata, Catophaga minato, Appias iwasakii, Appias matsumurai, Appias shima"
LEPIDOPTERA,PAPILIONOIDEA,PIERIDAE,PIERINAE,PIERINI,APPIADINA,Appias,,paulina,Appias paulina,nikomedeia,Appias paulina nikomedeia,Appias paulina nikomedeia,Appias nikomedeia
LEPIDOPTERA,PAPILIONOIDEA,PIERIDAE,PIERINAE,PIERINI,APPIADINA,Appias,,paulina,Appias paulina,paula,Appias paulina paula,Appias paulina paula,Tachyris paula
LEPIDOPTERA,PAPILIONOIDEA,PIERIDAE,PIERINAE,PIERINI,APPIADINA,Appias,,paulina,Appias paulina,pietersi,Appias paulina pietersi,Appias paulina pietersi,Appias pietersi
LEPIDOPTERA,PAPILIONOIDEA,PIERIDAE,PIERINAE,PIERINI,APPIADINA,Appias,,paulina,Appias paulina,pione,Appias paulina pione,Appias paulina pione,Appias pione
LEPIDOPTERA,PAPILIONOIDEA,PIERIDAE,PIERINAE,PIERINI,APPIADINA,Appias,,paulina,Appias paulina,plaetoria,Appias paulina plaetoria,Appias paulina plaetoria,Appias plaetoria
LEPIDOPTERA,PAPILIONOIDEA,PIERIDAE,PIERINAE,PIERINI,APPIADINA,Appias,,paulina,Appias paulina,saina,Appias paulina saina,Appias paulina saina,"Appias sosias, Appias saina"
LEPIDOPTERA,PAPILIONOIDEA,PIERIDAE,PIERINAE,PIERINI,APPIADINA,Appias,,paulina,Appias paulina,sawela,Appias paulina sawela,Appias paulina sawela,"Appias furia, Tachyris sawela"
LEPIDOPTERA,PAPILIONOIDEA,PIERIDAE,PIERINAE,PIERINI,APPIADINA,Appias,,paulina,Appias paulina,sithonia,Appias paulina sithonia,Appias paulina sithonia,Appias sithonia
LEPIDOPTERA,PAPILIONOIDEA,PIERIDAE,PIERINAE,PIERINI,APPIADINA,Appias,,paulina,Appias paulina,tambora,Appias paulina tambora,Appias paulina tambora,Catophaga tambora
LEPIDOPTERA,PAPILIONOIDEA,PIERIDAE,PIERINAE,PIERINI,APPIADINA,Appias,,paulina,Appias paulina,terentilia,Appias paulina terentilia,Appias paulina terentilia,"Appias aegina, Appias flaminia, Appias horatia, Appias iria, Appias marginata, Appias terentilia"
LEPIDOPTERA,PAPILIONOIDEA,PIERIDAE,PIERINAE,PIERINI,APPIADINA,Appias,,paulina,Appias paulina,thyre,Appias paulina thyre,Appias paulina thyre,Appias thyre
LEPIDOPTERA,PAPILIONOIDEA,PIERIDAE,PIERINAE,PIERINI,APPIADINA,Appias,,paulina,Appias paulina,zoe,Appias paulina zoe,Appias paulina zoe,"Pieris zoe, Appias limbata, Appias melanides, Appias uranides"
LEPIDOPTERA,PAPILIONOIDEA,PIERIDAE,PIERINAE,PIERINI,APPIADINA,Appias,,perlucens,Appias perlucens,,,Appias perlucens,"Appias auriflua, Appias ochraciens, Appias canisia, Phrissura perlucens, Pieris perlucens"
LEPIDOPTERA,PAPILIONOIDEA,PIERIDAE,PIERINAE,PIERINI,APPIADINA,Appias,,phaola,Appias phaola,,,Appias phaola,"Pieris rhodanus, Appias ochrea, Pieris phaola"
LEPIDOPTERA,PAPILIONOIDEA,PIERIDAE,PIERINAE,PIERINI,APPIADINA,Appias,,phaola,Appias phaola,intermedia,Appias phaola intermedia,Appias phaola intermedia,Appias intermedia
LEPIDOPTERA,PAPILIONOIDEA,PIERIDAE,PIERINAE,PIERINI,APPIADINA,Appias,,phaola,Appias phaola,isokani,Appias phaola isokani,Appias phaola isokani,"Mylothris nagare, Belenois isokani"
LEPIDOPTERA,PAPILIONOIDEA,PIERIDAE,PIERINAE,PIERINI,APPIADINA,Appias,,phaola,Appias phaola,uigensis,Appias phaola uigensis,Appias phaola uigensis,Appias uigensis
LEPIDOPTERA,PAPILIONOIDEA,PIERIDAE,PIERINAE,PIERINI,APPIADINA,Appias,,phoebe,Appias phoebe,,,Appias phoebe,Pieris phoebe
LEPIDOPTERA,PAPILIONOIDEA,PIERIDAE,PIERINAE,PIERINI,APPIADINA,Appias,,phoebe,Appias phoebe,mindana,Appias phoebe mindana,Appias phoebe mindana,Appias mindana
LEPIDOPTERA,PAPILIONOIDEA,PIERIDAE,PIERINAE,PIERINI,APPIADINA,Appias,,phoebe,Appias phoebe,montanus,Appias phoebe montanus,Appias phoebe montanus,"Appias montanus, Appias canlaonensis"
LEPIDOPTERA,PAPILIONOIDEA,PIERIDAE,PIERINAE,PIERINI,APPIADINA,Appias,,phoebe,Appias phoebe,rowelli,Appias phoebe rowelli,Appias phoebe rowelli,Appias rowelli
LEPIDOPTERA,PAPILIONOIDEA,PIERIDAE,PIERINAE,PIERINI,APPIADINA,Appias,,phoebe,Appias phoebe,zamora,Appias phoebe zamora,Appias phoebe zamora,Pieris zamora
LEPIDOPTERA,PAPILIONOIDEA,PIERIDAE,PIERINAE,PIERINI,APPIADINA,Appias,,placidia,Appias placidia,,,Appias placidia,"Papilio placidia, Tachyris placidiana, Tachyris maculata"
LEPIDOPTERA,PAPILIONOIDEA,PIERIDAE,PIERINAE,PIERINI,APPIADINA,Appias,,remedios,Appias remedios,,,Appias remedios,
LEPIDOPTERA,PAPILIONOIDEA,PIERIDAE,PIERINAE,PIERINI,APPIADINA,Appias,,sabina,Appias sabina,,,Appias sabina,"Appias reversa, Appias bicolor, Appias defecta, Pieris sabina, Appias divisapex, Papilio hecyra"
LEPIDOPTERA,PAPILIONOIDEA,PIERIDAE,PIERINAE,PIERINI,APPIADINA,Appias,,sabina,Appias sabina,comorensis,Appias sabina comorensis,Appias sabina comorensis,Appias comorensis
LEPIDOPTERA,PAPILIONOIDEA,PIERIDAE,PIERINAE,PIERINI,APPIADINA,Appias,,sabina,Appias sabina,confusa,Appias sabina confusa,Appias sabina confusa,"Mylothris majungana, Pieris hecyra, Pieris hemichlora, Appias euphrosyne, Belenois coniata, Belenois confusa"
LEPIDOPTERA,PAPILIONOIDEA,PIERIDAE,PIERINAE,PIERINI,APPIADINA,Appias,,sabina,Appias sabina,udei,Appias sabina udei,Appias sabina udei,"Appias absyrtus, Appias epaphioides, Appias thalia, Appias haendeli, Appias weberi, Appias udei, Appias semiepaphia, Appias dubia, Phrissura phoebe"
LEPIDOPTERA,PAPILIONOIDEA,PIERIDAE,PIERINAE,PIERINI,APPIADINA,Appias,,sylvia,Appias sylvia,,,Appias sylvia,"Appias rhodopiana, Appias bachi, Appias dopero, Papilio eudoxia, Appias tenuifasciata"
LEPIDOPTERA,PAPILIONOIDEA,PIERIDAE,PIERINAE,PIERINI,APPIADINA,Appias,,sylvia,Appias sylvia,abyssinica,Appias sylvia abyssinica,Appias sylvia abyssinica,Appias abyssinica
LEPIDOPTERA,PAPILIONOIDEA,PIERIDAE,PIERINAE,PIERINI,APPIADINA,Appias,,sylvia,Appias sylvia,nyasana,Appias sylvia nyasana,Appias sylvia nyasana,"Appias masabae, Appias ugandensis, Appias luvuensis, Appias xerophyla, Phrissura nyasana"
LEPIDOPTERA,PAPILIONOIDEA,PIERIDAE,PIERINAE,PIERINI,APPIADINA,Appias,,sylvia,Appias sylvia,ribeiroi,Appias sylvia ribeiroi,Appias sylvia ribeiroi,Appias ribeiroi
LEPIDOPTERA,PAPILIONOIDEA,PIERIDAE,PIERINAE,PIERINI,APPIADINA,Appias,,sylvia,Appias sylvia,sudanensis,Appias sylvia sudanensis,Appias sylvia sudanensis,Appias sudanensis
LEPIDOPTERA,PAPILIONOIDEA,PIERIDAE,PIERINAE,PIERINI,APPIADINA,Appias,,sylvia,Appias sylvia,zairiensis,Appias sylvia zairiensis,Appias sylvia zairiensis,Appias zairiensis
LEPIDOPTERA,PAPILIONOIDEA,PIERIDAE,PIERINAE,PIERINI,APPIADINA,Appias,,urania,Appias urania,,,Appias urania,"Tachyris urania, Appias zondervani"
LEPIDOPTERA,PAPILIONOIDEA,PIERIDAE,PIERINAE,PIERINI,APPIADINA,Appias,,urania,Appias urania,blissetti,Appias urania blissetti,Appias urania blissetti,Appias blissetti
LEPIDOPTERA,PAPILIONOIDEA,PIERIDAE,PIERINAE,PIERINI,APPIADINA,Appias,,waltraudae,Appias waltraudae,,,Appias waltraudae,
LEPIDOPTERA,PAPILIONOIDEA,PIERIDAE,PIERINAE,PIERINI,APPIADINA,Appias,,wardii,Appias wardii,,,Appias wardii,"Appias arida, Catophaga wardii"
LEPIDOPTERA,PAPILIONOIDEA,PIERIDAE,PIERINAE,PIERINI,APPIADINA,Appias,,zarinda,Appias zarinda,,,Appias zarinda,"Pieris zarinda, Pieris fatime"
LEPIDOPTERA,PAPILIONOIDEA,PIERIDAE,PIERINAE,PIERINI,APPIADINA,Appias,,zarinda,Appias zarinda,bouruensis,Appias zarinda bouruensis,Appias zarinda bouruensis,Tachyris bouruensis
LEPIDOPTERA,PAPILIONOIDEA,PIERIDAE,PIERINAE,PIERINI,APPIADINA,Appias,,zarinda,Appias zarinda,phestus,Appias zarinda phestus,Appias zarinda phestus,Tachyris phestus
LEPIDOPTERA,PAPILIONOIDEA,PIERIDAE,PIERINAE,PIERINI,APPIADINA,Appias,,zarinda,Appias zarinda,sulana,Appias zarinda sulana,Appias zarinda sulana,Tachyris sulana
LEPIDOPTERA,PAPILIONOIDEA,PIERIDAE,PIERINAE,PIERINI,APORIINA,Archonias,,brassolis,Archonias brassolis,,,Archonias brassolis,"Heliconia braselis, Papilio brassolis, Papilio bellona, Papilio erycinia, Euterpe terea  , Priamides julius  , Archonias approximata"
LEPIDOPTERA,PAPILIONOIDEA,PIERIDAE,PIERINAE,PIERINI,APORIINA,Archonias,,brassolis,Archonias brassolis,approximata,Archonias brassolis approximata,Archonias brassolis approximata,"Euterpe approximata, Archonias papilionides"
LEPIDOPTERA,PAPILIONOIDEA,PIERIDAE,PIERINAE,PIERINI,APORIINA,Archonias,,brassolis,Archonias brassolis,critias,Archonias brassolis critias,Archonias brassolis critias,Euterpe critias
LEPIDOPTERA,PAPILIONOIDEA,PIERIDAE,PIERINAE,PIERINI,APORIINA,Archonias,,brassolis,Archonias brassolis,cutila,Archonias brassolis cutila,Archonias brassolis cutila,Archonias cutila
LEPIDOPTERA,PAPILIONOIDEA,PIERIDAE,PIERINAE,PIERINI,APORIINA,Archonias,,brassolis,Archonias brassolis,marcias,Archonias brassolis marcias,Archonias brassolis marcias,Archonias marcias
LEPIDOPTERA,PAPILIONOIDEA,PIERIDAE,PIERINAE,PIERINI,APORIINA,Archonias,,brassolis,Archonias brassolis,negrina,Archonias brassolis negrina,Archonias brassolis negrina,"Archonias hyrnetho, Archonias phaloreia, Archonias sabrina, Euterpe negrina"
LEPIDOPTERA,PAPILIONOIDEA,PIERIDAE,PIERINAE,PIERINI,APORIINA,Archonias,,brassolis,Archonias brassolis,nigipennis,Archonias brassolis nigipennis,Archonias brassolis nigipennis,Archonias hades
LEPIDOPTERA,PAPILIONOIDEA,PIERIDAE,PIERINAE,PIERINI,APORIINA,Archonias,,brassolis,Archonias brassolis,nigripennis,Archonias brassolis nigripennis,Archonias brassolis nigripennis,"Euterpe nigripennis, Archonias brevia"
LEPIDOPTERA,PAPILIONOIDEA,PIERIDAE,PIERINAE,PIERINI,APORIINA,Archonias,,brassolis,Archonias brassolis,rosacea,Archonias brassolis rosacea,Archonias brassolis rosacea,"Euterpe rosacea, Archonias regillus"
LEPIDOPTERA,PAPILIONOIDEA,PIERIDAE,PIERINAE,PIERINI,APORIINA,Archonias,,brassolis,Archonias brassolis,rubrosparsa,Archonias brassolis rubrosparsa,Archonias brassolis rubrosparsa,"Archonias rubrosparsa, Archonias archidona"
LEPIDOPTERA,PAPILIONOIDEA,PIERIDAE,PIERINAE,PIERINI,APORIINA,Archonias,,brassolis,Archonias brassolis,semialba,Archonias brassolis semialba,Archonias brassolis semialba,Archonias semialba
LEPIDOPTERA,PAPILIONOIDEA,PIERIDAE,PIERINAE,PIERINI,APORIINA,Archonias,,brassolis,Archonias brassolis,tereas,Archonias brassolis tereas,Archonias brassolis tereas,"Papilio tereas, Archonias uniplaga, Priamides julus"
LEPIDOPTERA,PAPILIONOIDEA,PIERIDAE,PIERINAE,PIERINI,PIERINA,Ascia,,monuste,Ascia monuste,,,Ascia monuste,"Ascia crameri, Cepora heliades, Pontia feronia, Papilio monuste, Ascia nigra, Papilio albusta, Synchloe monuste  , Pontia monuste"
LEPIDOPTERA,PAPILIONOIDEA,PIERIDAE,PIERINAE,PIERINI,PIERINA,Ascia,,monuste,Ascia monuste,automate,Ascia monuste automate,Ascia monuste automate,"Pieris marmorata, Pieris automate, Pieris juri, Pieris obscura, Pieris pura"
LEPIDOPTERA,PAPILIONOIDEA,PIERIDAE,PIERINAE,PIERINI,PIERINA,Ascia,,monuste,Ascia monuste,eubotea,Ascia monuste eubotea,Ascia monuste eubotea,"Pieris eubotea, Pieris evonima, Pieris joppe, Pieris vallei"
LEPIDOPTERA,PAPILIONOIDEA,PIERIDAE,PIERINAE,PIERINI,PIERINA,Ascia,,monuste,Ascia monuste,orseis,Ascia monuste orseis,Ascia monuste orseis,"Pieris orseis, Pieris disjuncta, Mylothris hippomonuste"
LEPIDOPTERA,PAPILIONOIDEA,PIERIDAE,PIERINAE,PIERINI,PIERINA,Ascia,,monuste,Ascia monuste,phileta,Ascia monuste phileta,Ascia monuste phileta,"Pieris cleomes, Papilio phileta"
LEPIDOPTERA,PAPILIONOIDEA,PIERIDAE,PIERINAE,PIERINI,PIERINA,Ascia,,monuste,Ascia monuste,raza,Ascia monuste raza,Ascia monuste raza,Ascia raza
LEPIDOPTERA,PAPILIONOIDEA,PIERIDAE,PIERINAE,PIERINI,PIERINA,Ascia,,monuste,Ascia monuste,suasa,Ascia monuste suasa,Ascia monuste suasa,"Ascia joannisi, Pieris suasa"
LEPIDOPTERA,PAPILIONOIDEA,PIERIDAE,PIERINAE,PIERINI,PIERINA,Ascia,,monuste,Ascia monuste,virginia,Ascia monuste virginia,Ascia monuste virginia,"Pieris virginia, Mylothris hemithea"
LEPIDOPTERA,PAPILIONOIDEA,PIERIDAE,PIERINAE,PIERINI,PIERINA,Baltia,,butleri,Baltia butleri,,,Baltia butleri,Synchloe butleri
LEPIDOPTERA,PAPILIONOIDEA,PIERIDAE,PIERINAE,PIERINI,PIERINA,Baltia,,butleri,Baltia butleri,karmapa,Baltia butleri karmapa,Baltia butleri karmapa,Baltia karmapa
LEPIDOPTERA,PAPILIONOIDEA,PIERIDAE,PIERINAE,PIERINI,PIERINA,Baltia,,butleri,Baltia butleri,potanini,Baltia butleri potanini,Baltia butleri potanini,"Baltia toujowensis, Baltia potaninei, Pieris potanini"
LEPIDOPTERA,PAPILIONOIDEA,PIERIDAE,PIERINAE,PIERINI,PIERINA,Baltia,,butleri,Baltia butleri,sikkima,Baltia butleri sikkima,Baltia butleri sikkima,Baltia sikkima
LEPIDOPTERA,PAPILIONOIDEA,PIERIDAE,PIERINAE,PIERINI,PIERINA,Baltia,,butleri,Baltia butleri,tatochilina,Baltia butleri tatochilina,Baltia butleri tatochilina,"Baltia tatochilina, Baltia nekrutenkoi"
LEPIDOPTERA,PAPILIONOIDEA,PIERIDAE,PIERINAE,PIERINI,PIERINA,Baltia,,shawii,Baltia shawii,,,Baltia shawii,"Baltia melanotica, Mesapia shawii, Baltia anteobscura, Baltia postclara, Baltia postobscura, Pieris shawii"
LEPIDOPTERA,PAPILIONOIDEA,PIERIDAE,PIERINAE,PIERINI,PIERINA,Baltia,,shawii,Baltia shawii,baitalensis,Baltia shawii baitalensis,Baltia shawii baitalensis,"Baltia karakuli, Baltia baitalensis"
LEPIDOPTERA,PAPILIONOIDEA,PIERIDAE,PIERINAE,PIERINI,PIERINA,Baltia,,shawii,Baltia shawii,wyatti,Baltia shawii wyatti,Baltia shawii wyatti,Baltia wyatti
LEPIDOPTERA,PAPILIONOIDEA,PIERIDAE,PIERINAE,PIERINI,APORIINA,Belenois,,aldabrensis,Belenois aldabrensis,,,Belenois aldabrensis,Teracolus aldabrensis
LEPIDOPTERA,PAPILIONOIDEA,PIERIDAE,PIERINAE,PIERINI,APORIINA,Belenois,,anomala,Belenois anomala,,,Belenois anomala,Synchloe anomala
LEPIDOPTERA,PAPILIONOIDEA,PIERIDAE,PIERINAE,PIERINI,APORIINA,Belenois,,antsianaka,Belenois antsianaka,,,Belenois antsianaka,"Pieris ramona, Pieris aurantia, Pieris antsianaka, Belenois drurii, Belenois persimilis, Nepheronia lasti"
LEPIDOPTERA,PAPILIONOIDEA,PIERIDAE,PIERINAE,PIERINI,APORIINA,Belenois,,aurota,Belenois aurota,,,Belenois aurota,"Pieris pusillima, Papilio aurota, Pieris lordaca, Belenois auriginea, Pieris turanica, Pieris punctifera, Pieris iris, Papilio mesentina, Papilio augusta, Pinacopteryx syrinx, Anaphaeis aurota"
LEPIDOPTERA,PAPILIONOIDEA,PIERIDAE,PIERINAE,PIERINI,APORIINA,Belenois,,aurota,Belenois aurota,taprobana,Belenois aurota taprobana,Belenois aurota taprobana,Pieris taprobana
LEPIDOPTERA,PAPILIONOIDEA,PIERIDAE,PIERINAE,PIERINI,APORIINA,Belenois,,calypso,Belenois calypso,,,Belenois calypso,"Papilio fulvoacuminatus, Papilio nigronotatus, Papilio nigropictus, Belenois cretacea, Belenois houzeaui, Papilio calypso, Belenois lypsoca"
LEPIDOPTERA,PAPILIONOIDEA,PIERIDAE,PIERINAE,PIERINI,APORIINA,Belenois,,calypso,Belenois calypso,dentigera,Belenois calypso dentigera,Belenois calypso dentigera,"Anapheis tshangerensis, Pieris schweinfurthi, Pieris costimacula, Belenois aurea, Belenois dentigera, Pieris pulchricolor"
LEPIDOPTERA,PAPILIONOIDEA,PIERIDAE,PIERINAE,PIERINI,APORIINA,Belenois,,calypso,Belenois calypso,marlieri,Belenois calypso marlieri,Belenois calypso marlieri,Belenois marlieri
LEPIDOPTERA,PAPILIONOIDEA,PIERIDAE,PIERINAE,PIERINI,APORIINA,Belenois,,calypso,Belenois calypso,minor,Belenois calypso minor,Belenois calypso minor,"Belenois butyrosa, Belenois minor, Belenois alcestis, Belenois alcimede, Belenois alcippe, Belenois helena, Belenois nausicaa"
LEPIDOPTERA,PAPILIONOIDEA,PIERIDAE,PIERINAE,PIERINI,APORIINA,Belenois,,crawshayi,Belenois crawshayi,,,Belenois crawshayi,"Belenois flavistriga, Belenois sagittata, Anapheis deficiens, Anapheis immaculata, Anapheis juncta, Anapheis obscura, Pieris continentalis, Pieris pygmaeana, Belenois lata"
LEPIDOPTERA,PAPILIONOIDEA,PIERIDAE,PIERINAE,PIERINI,APORIINA,Belenois,,creona,Belenois creona,,,Belenois creona,"Colias ernestius, Pieris sigirrensis, Anapheis houzeaui, Pieris caeca, Papilio creona, Anaphaeis creona  , Glycestha creona"
LEPIDOPTERA,PAPILIONOIDEA,PIERIDAE,PIERINAE,PIERINI,APORIINA,Belenois,,creona,Belenois creona,benadirensis,Belenois creona benadirensis,Belenois creona benadirensis,Glycestha benadirensis
LEPIDOPTERA,PAPILIONOIDEA,PIERIDAE,PIERINAE,PIERINI,APORIINA,Belenois,,creona,Belenois creona,boguensis,Belenois creona boguensis,Belenois creona boguensis,"Pieris mixta, Pieris boguensis"
LEPIDOPTERA,PAPILIONOIDEA,PIERIDAE,PIERINAE,PIERINI,APORIINA,Belenois,,creona,Belenois creona,elisa,Belenois creona elisa,Belenois creona elisa,"Belenois johannae, Pieris elisa"
LEPIDOPTERA,PAPILIONOIDEA,PIERIDAE,PIERINAE,PIERINI,APORIINA,Belenois,,creona,Belenois creona,leucogyne,Belenois creona leucogyne,Belenois creona leucogyne,Belenois leucogyne
LEPIDOPTERA,PAPILIONOIDEA,PIERIDAE,PIERINAE,PIERINI,APORIINA,Belenois,,creona,Belenois creona,prorsus,Belenois creona prorsus,Belenois creona prorsus,"Anapheis prorsus, Belenois antonii"
LEPIDOPTERA,PAPILIONOIDEA,PIERIDAE,PIERINAE,PIERINI,APORIINA,Belenois,,creona,Belenois creona,severina,Belenois creona severina,Belenois creona severina,"Anapheis demaneti, Anapheis evrardi, Anapheis gnoma, Anaphaeis creonoides, Anaphaeis creontica, Anaphaeis jocasta, Anaphaeis megara, Anaphaeis mombasica, Anaphaeis nigerrima, Pieris msamwiana, Belenois infida, Pieris agrippina, Pieris acutapex, Pieris burgeoni, Pieris obscurissima, Pieris subalba, Papilio severina, Pieris guarani"
LEPIDOPTERA,PAPILIONOIDEA,PIERIDAE,PIERINAE,PIERINI,APORIINA,Belenois,,diminuta,Belenois diminuta,,,Belenois diminuta,"Belenois tanganyikae, Belenois flavilla, Belenois tanganjikae"
LEPIDOPTERA,PAPILIONOIDEA,PIERIDAE,PIERINAE,PIERINI,APORIINA,Belenois,,gidica,Belenois gidica,,,Belenois gidica,"Anapheis albata, Anapheis arida, Pieris gidica, Pieris tschadica, Pieris masculina, Belenois occidentis"
LEPIDOPTERA,PAPILIONOIDEA,PIERIDAE,PIERINAE,PIERINI,APORIINA,Belenois,,gidica,Belenois gidica,abyssinica,Belenois gidica abyssinica,Belenois gidica abyssinica,"Anapheis masformis, Anapheis nigrescens, Anapheis nigrifusa, Anapheis subochracea, Glycestha androides, Pieris simplex, Anaphaeis centralis, Pieris allica, Pieris pallida, Pinacopteryx doubledayi, Pinacopteryx westwoodi, Pieris crassilinea, Pieris texturata, Pieris abyssinica"
LEPIDOPTERA,PAPILIONOIDEA,PIERIDAE,PIERINAE,PIERINI,APORIINA,Belenois,,gidica,Belenois gidica,hypoxantha,Belenois gidica hypoxantha,Belenois gidica hypoxantha,Pieris hypoxantha
LEPIDOPTERA,PAPILIONOIDEA,PIERIDAE,PIERINAE,PIERINI,APORIINA,Belenois,,grandidieri,Belenois grandidieri,,,Belenois grandidieri,"Pieris grandidieri, Pieris voeltzkowi"
LEPIDOPTERA,PAPILIONOIDEA,PIERIDAE,PIERINAE,PIERINI,APORIINA,Belenois,,hedyle,Belenois hedyle,,,Belenois hedyle,"Papilio sordideflavicans, Papilio hedyle, Papilio sordidiflavicans"
LEPIDOPTERA,PAPILIONOIDEA,PIERIDAE,PIERINAE,PIERINI,APORIINA,Belenois,,hedyle,Belenois hedyle,ianthe,Belenois hedyle ianthe,Belenois hedyle ianthe,"Belenois albicans, Belenois albunea, Belenois arenosa, Belenois asseris, Belenois popularis, Pieris ianthe"
LEPIDOPTERA,PAPILIONOIDEA,PIERIDAE,PIERINAE,PIERINI,APORIINA,Belenois,,hedyle,Belenois hedyle,rhena,Belenois hedyle rhena,Belenois hedyle rhena,"Pieris rhena, Belenois fumosa"
LEPIDOPTERA,PAPILIONOIDEA,PIERIDAE,PIERINAE,PIERINI,APORIINA,Belenois,,helcida,Belenois helcida,,,Belenois helcida,"Belenois albipennis, Pieris helcida"
LEPIDOPTERA,PAPILIONOIDEA,PIERIDAE,PIERINAE,PIERINI,APORIINA,Belenois,,java,Belenois java,,,Belenois java,"Belenois magniplaga, Papilio java, Anaphaeis melanoptera, Papilio coronea"
LEPIDOPTERA,PAPILIONOIDEA,PIERIDAE,PIERINAE,PIERINI,APORIINA,Belenois,,java,Belenois java,anita,Belenois java anita,Belenois java anita,Belenois anita
LEPIDOPTERA,PAPILIONOIDEA,PIERIDAE,PIERINAE,PIERINI,APORIINA,Belenois,,java,Belenois java,clarissa,Belenois java clarissa,Belenois java clarissa,"Belenois clarissa, Pieris micronesia, Pieris vitiensis"
LEPIDOPTERA,PAPILIONOIDEA,PIERIDAE,PIERINAE,PIERINI,APORIINA,Belenois,,java,Belenois java,ina,Belenois java ina,Belenois java ina,Anaphaeis ina
LEPIDOPTERA,PAPILIONOIDEA,PIERIDAE,PIERINAE,PIERINI,APORIINA,Belenois,,java,Belenois java,peristhene,Belenois java peristhene,Belenois java peristhene,"Anaphaeis nigrita, Pieris peristhene"
LEPIDOPTERA,PAPILIONOIDEA,PIERIDAE,PIERINAE,PIERINI,APORIINA,Belenois,,java,Belenois java,picata,Belenois java picata,Belenois java picata,Belenois picata
LEPIDOPTERA,PAPILIONOIDEA,PIERIDAE,PIERINAE,PIERINI,APORIINA,Belenois,,java,Belenois java,savuana,Belenois java savuana,Belenois java savuana,Pieris savuana
LEPIDOPTERA,PAPILIONOIDEA,PIERIDAE,PIERINAE,PIERINI,APORIINA,Belenois,,java,Belenois java,schmeltzi,Belenois java schmeltzi,Belenois java schmeltzi,Belenois schmeltzi
LEPIDOPTERA,PAPILIONOIDEA,PIERIDAE,PIERINAE,PIERINI,APORIINA,Belenois,,java,Belenois java,teutonia,Belenois java teutonia,Belenois java teutonia,"Papilio clytie, Papilio deiopea, Pieris niseia, Papilio teutonia"
LEPIDOPTERA,PAPILIONOIDEA,PIERIDAE,PIERINAE,PIERINI,APORIINA,Belenois,,larima,Belenois larima,,,Belenois larima,"Pieris larima, Dixeia larima"
LEPIDOPTERA,PAPILIONOIDEA,PIERIDAE,PIERINAE,PIERINI,APORIINA,Belenois,,mabella,Belenois mabella,,,Belenois mabella,Belenois mahobo
LEPIDOPTERA,PAPILIONOIDEA,PIERIDAE,PIERINAE,PIERINI,APORIINA,Belenois,,margaritacea,Belenois margaritacea,,,Belenois margaritacea,Pieris somereni
LEPIDOPTERA,PAPILIONOIDEA,PIERIDAE,PIERINAE,PIERINI,APORIINA,Belenois,,margaritacea,Belenois margaritacea,intermedia,Belenois margaritacea intermedia,Belenois margaritacea intermedia,Belenois intermedia
LEPIDOPTERA,PAPILIONOIDEA,PIERIDAE,PIERINAE,PIERINI,APORIINA,Belenois,,margaritacea,Belenois margaritacea,kenyensis,Belenois margaritacea kenyensis,Belenois margaritacea kenyensis,Pieris kenyensis
LEPIDOPTERA,PAPILIONOIDEA,PIERIDAE,PIERINAE,PIERINI,APORIINA,Belenois,,margaritacea,Belenois margaritacea,plutonica,Belenois margaritacea plutonica,Belenois margaritacea plutonica,Pieris plutonica
LEPIDOPTERA,PAPILIONOIDEA,PIERIDAE,PIERINAE,PIERINI,APORIINA,Belenois,,ogygia,Belenois ogygia,,,Belenois ogygia,Pieris ogygia
LEPIDOPTERA,PAPILIONOIDEA,PIERIDAE,PIERINAE,PIERINI,APORIINA,Belenois,,ogygia,Belenois ogygia,bongeya,Belenois ogygia bongeya,Belenois ogygia bongeya,Belenois bongeya
LEPIDOPTERA,PAPILIONOIDEA,PIERIDAE,PIERINAE,PIERINI,APORIINA,Belenois,,raffrayi,Belenois raffrayi,,,Belenois raffrayi,Pieris raffrayi
LEPIDOPTERA,PAPILIONOIDEA,PIERIDAE,PIERINAE,PIERINI,APORIINA,Belenois,,raffrayi,Belenois raffrayi,extendens,Belenois raffrayi extendens,Belenois raffrayi extendens,"Anapheis intermedia, Anapheis extrema, Pieris extendens"
LEPIDOPTERA,PAPILIONOIDEA,PIERIDAE,PIERINAE,PIERINI,APORIINA,Belenois,,raffrayi,Belenois raffrayi,similis,Belenois raffrayi similis,Belenois raffrayi similis,Belenois similis
LEPIDOPTERA,PAPILIONOIDEA,PIERIDAE,PIERINAE,PIERINI,APORIINA,Belenois,,rubrosignata,Belenois rubrosignata,,,Belenois rubrosignata,"Belenois albinescens, Belenois aurantia, Belenois caesia, Pieris rubrosignata, Belenois picta, Pieris overlaeti"
LEPIDOPTERA,PAPILIONOIDEA,PIERIDAE,PIERINAE,PIERINI,APORIINA,Belenois,,rubrosignata,Belenois rubrosignata,kongwana,Belenois rubrosignata kongwana,Belenois rubrosignata kongwana,Belenois kongwana
LEPIDOPTERA,PAPILIONOIDEA,PIERIDAE,PIERINAE,PIERINI,APORIINA,Belenois,,rubrosignata,Belenois rubrosignata,peeli,Belenois rubrosignata peeli,Belenois rubrosignata peeli,Belenois peeli
LEPIDOPTERA,PAPILIONOIDEA,PIERIDAE,PIERINAE,PIERINI,APORIINA,Belenois,,solilucis,Belenois solilucis,,,Belenois solilucis,"Belenois citronata, Belenois incitronata, Belenois oesypera, Mylothris agylla, Mylothris caere, Pieris sulphurescens, Pieris ochracea, Pieris abti, Pieris glucki, Pieris subornata, Pieris frommi, Phrissura narcissus, Pseudopontia sulphurescens"
LEPIDOPTERA,PAPILIONOIDEA,PIERIDAE,PIERINAE,PIERINI,APORIINA,Belenois,,solilucis,Belenois solilucis,loveni,Belenois solilucis loveni,Belenois solilucis loveni,"Pieris appioides, Pieris loveni, Pieris sabulosa, Belenois coronis, Belenois daphne, Belenois eurydice, Belenois procis, Belenois telephassa, Belenois marginepuncta, Pieris hemichrysa"
LEPIDOPTERA,PAPILIONOIDEA,PIERIDAE,PIERINAE,PIERINI,APORIINA,Belenois,,subeida,Belenois subeida,,,Belenois subeida,"Belenois demarginata, Belenois instabilis, Pieris subeida"
LEPIDOPTERA,PAPILIONOIDEA,PIERIDAE,PIERINAE,PIERINI,APORIINA,Belenois,,subeida,Belenois subeida,frobeniusi,Belenois subeida frobeniusi,Belenois subeida frobeniusi,"Pieris zoraida, Belenois voltaensis, Pieris frobeniusi"
LEPIDOPTERA,PAPILIONOIDEA,PIERIDAE,PIERINAE,PIERINI,APORIINA,Belenois,,subeida,Belenois subeida,hailo,Belenois subeida hailo,Belenois subeida hailo,"Pieris hailo, Belenois auristriga, Pieris hiemalis"
LEPIDOPTERA,PAPILIONOIDEA,PIERIDAE,PIERINAE,PIERINI,APORIINA,Belenois,,subeida,Belenois subeida,sylvander,Belenois subeida sylvander,Belenois subeida sylvander,"Belenois arens, Belenois achaeus, Belenois circe, Belenois galatea, Belenois ignescens, Belenois sylvander"
LEPIDOPTERA,PAPILIONOIDEA,PIERIDAE,PIERINAE,PIERINI,APORIINA,Belenois,,sudanensis,Belenois sudanensis,,,Belenois sudanensis,Pieris sudanensis
LEPIDOPTERA,PAPILIONOIDEA,PIERIDAE,PIERINAE,PIERINI,APORIINA,Belenois,,sudanensis,Belenois sudanensis,katalensis,Belenois sudanensis katalensis,Belenois sudanensis katalensis,Belenois katalensis
LEPIDOPTERA,PAPILIONOIDEA,PIERIDAE,PIERINAE,PIERINI,APORIINA,Belenois,,sudanensis,Belenois sudanensis,mayumbana,Belenois sudanensis mayumbana,Belenois sudanensis mayumbana,Belenois mayumbana
LEPIDOPTERA,PAPILIONOIDEA,PIERIDAE,PIERINAE,PIERINI,APORIINA,Belenois,,sudanensis,Belenois sudanensis,pseudodentigera,Belenois sudanensis pseudodentigera,Belenois sudanensis pseudodentigera,"Belenois bicolor, Belenois unicolor, Belenois pseudodentigera"
LEPIDOPTERA,PAPILIONOIDEA,PIERIDAE,PIERINAE,PIERINI,APORIINA,Belenois,,theora,Belenois theora,,,Belenois theora,"Pieris theora, Belenois brevimacula, Pieris sylvarum, Pieris paroreia"
LEPIDOPTERA,PAPILIONOIDEA,PIERIDAE,PIERINAE,PIERINI,APORIINA,Belenois,,theora,Belenois theora,lortzingi,Belenois theora lortzingi,Belenois theora lortzingi,"Belenois parvimacula, Belenois lacteola, Pieris laeta, Pieris lortzingi"
LEPIDOPTERA,PAPILIONOIDEA,PIERIDAE,PIERINAE,PIERINI,APORIINA,Belenois,,theora,Belenois theora,ratheo,Belenois theora ratheo,Belenois theora ratheo,"Belenois sulfurata, Pieris ratheo, Pieris concolor, Pieris maculata, Pieris obscurata, Pieris weidholzi"
LEPIDOPTERA,PAPILIONOIDEA,PIERIDAE,PIERINAE,PIERINI,APORIINA,Belenois,,theuszi,Belenois theuszi,,,Belenois theuszi,"Pieris hypermaculata, Pieris perimagia, Pieris semimaculata, Belenois fontainei, Belenois reducta, Pieris theuszi, Pieris semialba"
LEPIDOPTERA,PAPILIONOIDEA,PIERIDAE,PIERINAE,PIERINI,APORIINA,Belenois,,thysa,Belenois thysa,,,Belenois thysa,"Pieris thysa, Belenois blariauxi, Belenois agatha, Belenois arethusa, Belenois calliope, Belenois rosmaria, Pieris obumbrata, Pieris alarmi, Pieris tassamagangae, Belenois balangensis, Pieris macularis, Pieris tricolor, Belenois vansoni, Belenois sabrata"
LEPIDOPTERA,PAPILIONOIDEA,PIERIDAE,PIERINAE,PIERINI,APORIINA,Belenois,,thysa,Belenois thysa,meldolae,Belenois thysa meldolae,Belenois thysa meldolae,"Belenois angustimargo, Belenois alegona, Belenois biton, Belenois cleobis, Pieris malaria, Pieris rimala, Belenois meldolae"
